--
-- PostgreSQL database dump
--

-- Dumped from database version 17.4
-- Dumped by pg_dump version 17.4

SET statement_timeout = 0;
SET lock_timeout = 0;
SET idle_in_transaction_session_timeout = 0;
SET transaction_timeout = 0;
SET client_encoding = 'UTF8';
SET standard_conforming_strings = on;
SELECT pg_catalog.set_config('search_path', '', false);
SET check_function_bodies = false;
SET xmloption = content;
SET client_min_messages = warning;
SET row_security = off;

SET default_tablespace = '';

SET default_table_access_method = heap;

--
-- Name: auth_group; Type: TABLE; Schema: public; Owner: postgres
--

CREATE TABLE public.auth_group (
    id integer NOT NULL,
    name character varying(150) NOT NULL
);


ALTER TABLE public.auth_group OWNER TO postgres;

--
-- Name: auth_group_id_seq; Type: SEQUENCE; Schema: public; Owner: postgres
--

ALTER TABLE public.auth_group ALTER COLUMN id ADD GENERATED BY DEFAULT AS IDENTITY (
    SEQUENCE NAME public.auth_group_id_seq
    START WITH 1
    INCREMENT BY 1
    NO MINVALUE
    NO MAXVALUE
    CACHE 1
);


--
-- Name: auth_group_permissions; Type: TABLE; Schema: public; Owner: postgres
--

CREATE TABLE public.auth_group_permissions (
    id bigint NOT NULL,
    group_id integer NOT NULL,
    permission_id integer NOT NULL
);


ALTER TABLE public.auth_group_permissions OWNER TO postgres;

--
-- Name: auth_group_permissions_id_seq; Type: SEQUENCE; Schema: public; Owner: postgres
--

ALTER TABLE public.auth_group_permissions ALTER COLUMN id ADD GENERATED BY DEFAULT AS IDENTITY (
    SEQUENCE NAME public.auth_group_permissions_id_seq
    START WITH 1
    INCREMENT BY 1
    NO MINVALUE
    NO MAXVALUE
    CACHE 1
);


--
-- Name: auth_permission; Type: TABLE; Schema: public; Owner: postgres
--

CREATE TABLE public.auth_permission (
    id integer NOT NULL,
    name character varying(255) NOT NULL,
    content_type_id integer NOT NULL,
    codename character varying(100) NOT NULL
);


ALTER TABLE public.auth_permission OWNER TO postgres;

--
-- Name: auth_permission_id_seq; Type: SEQUENCE; Schema: public; Owner: postgres
--

ALTER TABLE public.auth_permission ALTER COLUMN id ADD GENERATED BY DEFAULT AS IDENTITY (
    SEQUENCE NAME public.auth_permission_id_seq
    START WITH 1
    INCREMENT BY 1
    NO MINVALUE
    NO MAXVALUE
    CACHE 1
);


--
-- Name: auth_user; Type: TABLE; Schema: public; Owner: postgres
--

CREATE TABLE public.auth_user (
    id integer NOT NULL,
    password character varying(128) NOT NULL,
    last_login timestamp with time zone,
    is_superuser boolean NOT NULL,
    username character varying(150) NOT NULL,
    first_name character varying(150) NOT NULL,
    last_name character varying(150) NOT NULL,
    email character varying(254) NOT NULL,
    is_staff boolean NOT NULL,
    is_active boolean NOT NULL,
    date_joined timestamp with time zone NOT NULL
);


ALTER TABLE public.auth_user OWNER TO postgres;

--
-- Name: auth_user_groups; Type: TABLE; Schema: public; Owner: postgres
--

CREATE TABLE public.auth_user_groups (
    id bigint NOT NULL,
    user_id integer NOT NULL,
    group_id integer NOT NULL
);


ALTER TABLE public.auth_user_groups OWNER TO postgres;

--
-- Name: auth_user_groups_id_seq; Type: SEQUENCE; Schema: public; Owner: postgres
--

ALTER TABLE public.auth_user_groups ALTER COLUMN id ADD GENERATED BY DEFAULT AS IDENTITY (
    SEQUENCE NAME public.auth_user_groups_id_seq
    START WITH 1
    INCREMENT BY 1
    NO MINVALUE
    NO MAXVALUE
    CACHE 1
);


--
-- Name: auth_user_id_seq; Type: SEQUENCE; Schema: public; Owner: postgres
--

ALTER TABLE public.auth_user ALTER COLUMN id ADD GENERATED BY DEFAULT AS IDENTITY (
    SEQUENCE NAME public.auth_user_id_seq
    START WITH 1
    INCREMENT BY 1
    NO MINVALUE
    NO MAXVALUE
    CACHE 1
);


--
-- Name: auth_user_user_permissions; Type: TABLE; Schema: public; Owner: postgres
--

CREATE TABLE public.auth_user_user_permissions (
    id bigint NOT NULL,
    user_id integer NOT NULL,
    permission_id integer NOT NULL
);


ALTER TABLE public.auth_user_user_permissions OWNER TO postgres;

--
-- Name: auth_user_user_permissions_id_seq; Type: SEQUENCE; Schema: public; Owner: postgres
--

ALTER TABLE public.auth_user_user_permissions ALTER COLUMN id ADD GENERATED BY DEFAULT AS IDENTITY (
    SEQUENCE NAME public.auth_user_user_permissions_id_seq
    START WITH 1
    INCREMENT BY 1
    NO MINVALUE
    NO MAXVALUE
    CACHE 1
);


--
-- Name: catalogo_autor; Type: TABLE; Schema: public; Owner: postgres
--

CREATE TABLE public.catalogo_autor (
    id bigint NOT NULL,
    nombre character varying(100) NOT NULL,
    apellidos character varying(150) NOT NULL,
    fecha_nacimiento date,
    fecha_defuncion date,
    biografia text NOT NULL
);


ALTER TABLE public.catalogo_autor OWNER TO postgres;

--
-- Name: catalogo_autor_id_seq; Type: SEQUENCE; Schema: public; Owner: postgres
--

ALTER TABLE public.catalogo_autor ALTER COLUMN id ADD GENERATED BY DEFAULT AS IDENTITY (
    SEQUENCE NAME public.catalogo_autor_id_seq
    START WITH 1
    INCREMENT BY 1
    NO MINVALUE
    NO MAXVALUE
    CACHE 1
);


--
-- Name: catalogo_biblioteca; Type: TABLE; Schema: public; Owner: postgres
--

CREATE TABLE public.catalogo_biblioteca (
    id bigint NOT NULL,
    nombre character varying(200) NOT NULL,
    direccion character varying(255) NOT NULL,
    latitud numeric(9,6),
    longitud numeric(9,6),
    telefono character varying(20) NOT NULL,
    email character varying(254) NOT NULL,
    horario text NOT NULL
);


ALTER TABLE public.catalogo_biblioteca OWNER TO postgres;

--
-- Name: catalogo_biblioteca_id_seq; Type: SEQUENCE; Schema: public; Owner: postgres
--

ALTER TABLE public.catalogo_biblioteca ALTER COLUMN id ADD GENERATED BY DEFAULT AS IDENTITY (
    SEQUENCE NAME public.catalogo_biblioteca_id_seq
    START WITH 1
    INCREMENT BY 1
    NO MINVALUE
    NO MAXVALUE
    CACHE 1
);


--
-- Name: catalogo_ejemplarlibro; Type: TABLE; Schema: public; Owner: postgres
--

CREATE TABLE public.catalogo_ejemplarlibro (
    id uuid NOT NULL,
    estado character varying(1) NOT NULL,
    libro_id bigint
);


ALTER TABLE public.catalogo_ejemplarlibro OWNER TO postgres;

--
-- Name: catalogo_espacio; Type: TABLE; Schema: public; Owner: postgres
--

CREATE TABLE public.catalogo_espacio (
    id bigint NOT NULL,
    nombre character varying(100) NOT NULL,
    ubicacion character varying(200) NOT NULL,
    capacidad integer NOT NULL
);


ALTER TABLE public.catalogo_espacio OWNER TO postgres;

--
-- Name: catalogo_espacio_id_seq; Type: SEQUENCE; Schema: public; Owner: postgres
--

ALTER TABLE public.catalogo_espacio ALTER COLUMN id ADD GENERATED BY DEFAULT AS IDENTITY (
    SEQUENCE NAME public.catalogo_espacio_id_seq
    START WITH 1
    INCREMENT BY 1
    NO MINVALUE
    NO MAXVALUE
    CACHE 1
);


--
-- Name: catalogo_evento; Type: TABLE; Schema: public; Owner: postgres
--

CREATE TABLE public.catalogo_evento (
    id bigint NOT NULL,
    titulo character varying(200) NOT NULL,
    descripcion text NOT NULL,
    fecha_inicio timestamp with time zone NOT NULL,
    fecha_fin timestamp with time zone NOT NULL,
    lugar character varying(200) NOT NULL,
    plazas_totales integer NOT NULL,
    plazas_ocupadas integer NOT NULL,
    CONSTRAINT catalogo_evento_plazas_ocupadas_check CHECK ((plazas_ocupadas >= 0)),
    CONSTRAINT catalogo_evento_plazas_totales_check CHECK ((plazas_totales >= 0))
);


ALTER TABLE public.catalogo_evento OWNER TO postgres;

--
-- Name: catalogo_evento_id_seq; Type: SEQUENCE; Schema: public; Owner: postgres
--

ALTER TABLE public.catalogo_evento ALTER COLUMN id ADD GENERATED BY DEFAULT AS IDENTITY (
    SEQUENCE NAME public.catalogo_evento_id_seq
    START WITH 1
    INCREMENT BY 1
    NO MINVALUE
    NO MAXVALUE
    CACHE 1
);


--
-- Name: catalogo_genero; Type: TABLE; Schema: public; Owner: postgres
--

CREATE TABLE public.catalogo_genero (
    id bigint NOT NULL,
    nombre character varying(200) NOT NULL
);


ALTER TABLE public.catalogo_genero OWNER TO postgres;

--
-- Name: catalogo_genero_id_seq; Type: SEQUENCE; Schema: public; Owner: postgres
--

ALTER TABLE public.catalogo_genero ALTER COLUMN id ADD GENERATED BY DEFAULT AS IDENTITY (
    SEQUENCE NAME public.catalogo_genero_id_seq
    START WITH 1
    INCREMENT BY 1
    NO MINVALUE
    NO MAXVALUE
    CACHE 1
);


--
-- Name: catalogo_idioma; Type: TABLE; Schema: public; Owner: postgres
--

CREATE TABLE public.catalogo_idioma (
    id bigint NOT NULL,
    nombre character varying(200) NOT NULL
);


ALTER TABLE public.catalogo_idioma OWNER TO postgres;

--
-- Name: catalogo_idioma_id_seq; Type: SEQUENCE; Schema: public; Owner: postgres
--

ALTER TABLE public.catalogo_idioma ALTER COLUMN id ADD GENERATED BY DEFAULT AS IDENTITY (
    SEQUENCE NAME public.catalogo_idioma_id_seq
    START WITH 1
    INCREMENT BY 1
    NO MINVALUE
    NO MAXVALUE
    CACHE 1
);


--
-- Name: catalogo_libro; Type: TABLE; Schema: public; Owner: postgres
--

CREATE TABLE public.catalogo_libro (
    id bigint NOT NULL,
    titulo character varying(250) NOT NULL,
    resumen text NOT NULL,
    isbn character varying(13) NOT NULL,
    editorial character varying(200) NOT NULL,
    idioma_id bigint,
    autor_id bigint,
    portada character varying(100)
);


ALTER TABLE public.catalogo_libro OWNER TO postgres;

--
-- Name: catalogo_libro_genero; Type: TABLE; Schema: public; Owner: postgres
--

CREATE TABLE public.catalogo_libro_genero (
    id bigint NOT NULL,
    libro_id bigint NOT NULL,
    genero_id bigint NOT NULL
);


ALTER TABLE public.catalogo_libro_genero OWNER TO postgres;

--
-- Name: catalogo_libro_genero_id_seq; Type: SEQUENCE; Schema: public; Owner: postgres
--

ALTER TABLE public.catalogo_libro_genero ALTER COLUMN id ADD GENERATED BY DEFAULT AS IDENTITY (
    SEQUENCE NAME public.catalogo_libro_genero_id_seq
    START WITH 1
    INCREMENT BY 1
    NO MINVALUE
    NO MAXVALUE
    CACHE 1
);


--
-- Name: catalogo_libro_id_seq; Type: SEQUENCE; Schema: public; Owner: postgres
--

ALTER TABLE public.catalogo_libro ALTER COLUMN id ADD GENERATED BY DEFAULT AS IDENTITY (
    SEQUENCE NAME public.catalogo_libro_id_seq
    START WITH 1
    INCREMENT BY 1
    NO MINVALUE
    NO MAXVALUE
    CACHE 1
);


--
-- Name: catalogo_prestamo; Type: TABLE; Schema: public; Owner: postgres
--

CREATE TABLE public.catalogo_prestamo (
    id bigint NOT NULL,
    fecha_prestamo date NOT NULL,
    fecha_devolucion date,
    estado character varying(1) NOT NULL,
    ejemplar_id uuid NOT NULL
);


ALTER TABLE public.catalogo_prestamo OWNER TO postgres;

--
-- Name: catalogo_prestamo_id_seq; Type: SEQUENCE; Schema: public; Owner: postgres
--

ALTER TABLE public.catalogo_prestamo ALTER COLUMN id ADD GENERATED BY DEFAULT AS IDENTITY (
    SEQUENCE NAME public.catalogo_prestamo_id_seq
    START WITH 1
    INCREMENT BY 1
    NO MINVALUE
    NO MAXVALUE
    CACHE 1
);


--
-- Name: django_admin_log; Type: TABLE; Schema: public; Owner: postgres
--

CREATE TABLE public.django_admin_log (
    id integer NOT NULL,
    action_time timestamp with time zone NOT NULL,
    object_id text,
    object_repr character varying(200) NOT NULL,
    action_flag smallint NOT NULL,
    change_message text NOT NULL,
    content_type_id integer,
    user_id integer NOT NULL,
    CONSTRAINT django_admin_log_action_flag_check CHECK ((action_flag >= 0))
);


ALTER TABLE public.django_admin_log OWNER TO postgres;

--
-- Name: django_admin_log_id_seq; Type: SEQUENCE; Schema: public; Owner: postgres
--

ALTER TABLE public.django_admin_log ALTER COLUMN id ADD GENERATED BY DEFAULT AS IDENTITY (
    SEQUENCE NAME public.django_admin_log_id_seq
    START WITH 1
    INCREMENT BY 1
    NO MINVALUE
    NO MAXVALUE
    CACHE 1
);


--
-- Name: django_content_type; Type: TABLE; Schema: public; Owner: postgres
--

CREATE TABLE public.django_content_type (
    id integer NOT NULL,
    app_label character varying(100) NOT NULL,
    model character varying(100) NOT NULL
);


ALTER TABLE public.django_content_type OWNER TO postgres;

--
-- Name: django_content_type_id_seq; Type: SEQUENCE; Schema: public; Owner: postgres
--

ALTER TABLE public.django_content_type ALTER COLUMN id ADD GENERATED BY DEFAULT AS IDENTITY (
    SEQUENCE NAME public.django_content_type_id_seq
    START WITH 1
    INCREMENT BY 1
    NO MINVALUE
    NO MAXVALUE
    CACHE 1
);


--
-- Name: django_migrations; Type: TABLE; Schema: public; Owner: postgres
--

CREATE TABLE public.django_migrations (
    id bigint NOT NULL,
    app character varying(255) NOT NULL,
    name character varying(255) NOT NULL,
    applied timestamp with time zone NOT NULL
);


ALTER TABLE public.django_migrations OWNER TO postgres;

--
-- Name: django_migrations_id_seq; Type: SEQUENCE; Schema: public; Owner: postgres
--

ALTER TABLE public.django_migrations ALTER COLUMN id ADD GENERATED BY DEFAULT AS IDENTITY (
    SEQUENCE NAME public.django_migrations_id_seq
    START WITH 1
    INCREMENT BY 1
    NO MINVALUE
    NO MAXVALUE
    CACHE 1
);


--
-- Name: django_session; Type: TABLE; Schema: public; Owner: postgres
--

CREATE TABLE public.django_session (
    session_key character varying(40) NOT NULL,
    session_data text NOT NULL,
    expire_date timestamp with time zone NOT NULL
);


ALTER TABLE public.django_session OWNER TO postgres;

--
-- Data for Name: auth_group; Type: TABLE DATA; Schema: public; Owner: postgres
--

COPY public.auth_group (id, name) FROM stdin;
\.


--
-- Data for Name: auth_group_permissions; Type: TABLE DATA; Schema: public; Owner: postgres
--

COPY public.auth_group_permissions (id, group_id, permission_id) FROM stdin;
\.


--
-- Data for Name: auth_permission; Type: TABLE DATA; Schema: public; Owner: postgres
--

COPY public.auth_permission (id, name, content_type_id, codename) FROM stdin;
1	Can add log entry	1	add_logentry
2	Can change log entry	1	change_logentry
3	Can delete log entry	1	delete_logentry
4	Can view log entry	1	view_logentry
5	Can add permission	2	add_permission
6	Can change permission	2	change_permission
7	Can delete permission	2	delete_permission
8	Can view permission	2	view_permission
9	Can add group	3	add_group
10	Can change group	3	change_group
11	Can delete group	3	delete_group
12	Can view group	3	view_group
13	Can add user	4	add_user
14	Can change user	4	change_user
15	Can delete user	4	delete_user
16	Can view user	4	view_user
17	Can add content type	5	add_contenttype
18	Can change content type	5	change_contenttype
19	Can delete content type	5	delete_contenttype
20	Can view content type	5	view_contenttype
21	Can add session	6	add_session
22	Can change session	6	change_session
23	Can delete session	6	delete_session
24	Can view session	6	view_session
25	Can add Autor	7	add_autor
26	Can change Autor	7	change_autor
27	Can delete Autor	7	delete_autor
28	Can view Autor	7	view_autor
29	Can add Género	8	add_genero
30	Can change Género	8	change_genero
31	Can delete Género	8	delete_genero
32	Can view Género	8	view_genero
33	Can add Idioma	9	add_idioma
34	Can change Idioma	9	change_idioma
35	Can delete Idioma	9	delete_idioma
36	Can view Idioma	9	view_idioma
37	Can add Libro	10	add_libro
38	Can change Libro	10	change_libro
39	Can delete Libro	10	delete_libro
40	Can view Libro	10	view_libro
41	Can add Ejemplar de libro	11	add_ejemplarlibro
42	Can change Ejemplar de libro	11	change_ejemplarlibro
43	Can delete Ejemplar de libro	11	delete_ejemplarlibro
44	Can view Ejemplar de libro	11	view_ejemplarlibro
45	Can add Préstamo	12	add_prestamo
46	Can change Préstamo	12	change_prestamo
47	Can delete Préstamo	12	delete_prestamo
48	Can view Préstamo	12	view_prestamo
49	Can add biblioteca	13	add_biblioteca
50	Can change biblioteca	13	change_biblioteca
51	Can delete biblioteca	13	delete_biblioteca
52	Can view biblioteca	13	view_biblioteca
53	Can add Evento	14	add_evento
54	Can change Evento	14	change_evento
55	Can delete Evento	14	delete_evento
56	Can view Evento	14	view_evento
57	Can add espacio	15	add_espacio
58	Can change espacio	15	change_espacio
59	Can delete espacio	15	delete_espacio
60	Can view espacio	15	view_espacio
\.


--
-- Data for Name: auth_user; Type: TABLE DATA; Schema: public; Owner: postgres
--

COPY public.auth_user (id, password, last_login, is_superuser, username, first_name, last_name, email, is_staff, is_active, date_joined) FROM stdin;
1	pbkdf2_sha256$870000$PgJ2pBH2WwWMHESoB18Xbm$N1Pn/XIEMRQs1Q6kvVtHKs0VNZZ3BBCimK5wiFjIPW8=	2025-05-02 20:01:42.980711-05	t	admin			gmblanco425@gmail.com	t	t	2025-05-01 20:25:24.927013-05
\.


--
-- Data for Name: auth_user_groups; Type: TABLE DATA; Schema: public; Owner: postgres
--

COPY public.auth_user_groups (id, user_id, group_id) FROM stdin;
\.


--
-- Data for Name: auth_user_user_permissions; Type: TABLE DATA; Schema: public; Owner: postgres
--

COPY public.auth_user_user_permissions (id, user_id, permission_id) FROM stdin;
\.


--
-- Data for Name: catalogo_autor; Type: TABLE DATA; Schema: public; Owner: postgres
--

COPY public.catalogo_autor (id, nombre, apellidos, fecha_nacimiento, fecha_defuncion, biografia) FROM stdin;
1	Agatha	Christie	1890-09-15	1976-01-12	Torquay, (1891-1976). Agatha Christie, novelista y dramaturga, ha sido considerada como una de las grandes escritoras del género detectivesco. La estructura de sus tramas, basada en la tradición del enigma por descubrir, es siempre similar, y su desarrollo está en función de la observación psicológica. Con el seudónimo de Mary Westmacott creó varias novelas de corte más psicológico. Agatha Christie fue también una autora teatral de éxito, con obras como La ratonera o Testigo de cargo. La primera, estrenada en 1952, se representó en Londres ininterrumpidamente durante más de veinticinco años, y la segunda fue llevada al cine en 1957 en una magnífica versión dirigida por Billy Wilder.
2	Brandon	Sanderson	1975-12-19	\N	Brandon Sanderson (Nebraska, 1975) es el gran autor de fantasía del siglo XXI. Tras debutar en 2006 con su novela Elantris, ha deslumbrado a más de treinta y cinco millones de lectores en casi cuarenta lenguas con el Cosmere, el fascinante universo de magia que comparten la mayoría de sus obras. Sus best sellers son considerados clásicos instantáneos, como la saga Mistborn, la decalogía El Archivo de las Tormentas, la saga Escuadrón y las cuatro novelas secretas con las que, en 2021, protagonizó la mayor campaña de financiación de Kickstarter. Con un plan de publicación de más de veinte futuras obras (que contempla la interconexión de todas ellas), el Cosmere se convertirá en el universo más extenso e impresionante jamás escrito en el ámbito de la fantasía épica. Sanderson vive en Utah con su esposa e hijos y enseña escritura creativa en la Universidad Brigham Young. Curso de escritura creativa es el libro que recoge sus valiosos consejos.
3	Viktor	Frankl	1905-03-26	1997-09-02	Viktor Frankl (1905-1997) es uno de los referentes más destacados de la psicología del siglo xx. Doctorado en Medicina y Filosofía por la Universidad de Viena, fundó la logoterapia, también denominada Tercera Escuela Vienesa de Psicoterapia. En 1942, en pleno apogeo de los nazis, él y su familia fueron hechos prisioneros e internados en los campos de concentración. Fue precisamente esta experiencia la que lo llevaría a confirmar vivencialmente su teoría psicológica (desarrollada en las décadas anteriores) basada en el sentido de la vida y con raíces existencialistas. Tras sobrevivir al Holocausto, fue profesor de Neurología y Psiquiatría en la Universidad de Viena y obtuvo la cátedra de Logoterapia en la Universidad Internacional de San Diego, California. Impartió conferencias en universidades de todo el mundo y 29 de ellas le otorgaron el título de doctor honoris causa. Galardonado con numerosos premios, entre ellos el Oskar Pfister Award de la American Psychiatric Association, fue miembro de honor de la Academia Austriaca de las Ciencias.
4	Truman	Capote	1924-09-30	1984-08-25	Truman Capote (1924-1984) es uno de los mejores escritores norteamericanos del siglo XX. Anagrama le ha dedicado una Biblioteca Truman Capote: Otras voces, otros ámbitos, Un árbol de noche, Desayuno en Tiffany’s, A sangre fría, Música para camaleones, Plegarias atendidas, El arpa de hierba, Retratos, Tres cuentos, Los perros ladran, Cuentos completos y Crucero de verano.
5	Suzanne	Collins	1962-08-10	\N	Suzanne Collins es la autora de la serie superventas "Gregor", que dio comienzo con Las tierras bajas. Sus revolucionarias novelas juveniles, Los Juegos del Hambre, En llamas, Sinsajo y Balada de pájaros cantores y serpientes fueron superventas de The New York Times, recibieron reconocimiento en todo el mundo y sirvieron de inspiración para cinco películas de éxito. Un año en la selva, su libro ilustrado sobre el tiempo que su padre pasó destinado en Vietnam, se publicó en 2013 y recibió el aplauso de la crítica. Hasta la fecha, sus libros se han traducido a cincuenta y tres idiomas.
6	Stephen	King	1947-09-21	\N	Stephen King es autor de más de sesenta libros, todos ellos best sellers internacionales. Sus títulos más recientes son Holly, Cuento de Hadas, Billy Summers, Después, La sangre manda, El Instituto, Elevación, El visitante (cuya adaptación audiovisual se estrenó en HBO en enero de 2020), La caja debotones de Gwendy (con Richard Chizmar), Bellas durmientes (con su hijo Owen King), El bazar de los malos sueños, la trilogía Bill Hodges (Mr. Mercedes, Quien pierde paga y Fin de guardia), Revival y Doctor Sueño. La novela 22/11/63 (convertida en serie de televisión en Hulu) fue elegida por The New York Times Book Review como una de las diez mejores novelas de 2011 y por Los Angeles Times como la mejor novela de intriga del año. Los libros de la serie La Torre Oscura e It han sido adaptados al cine, así como gran parte de sus clásicos, desde Misery hasta El resplandor pasando por Carrie, El juego de Gerald y La zona muerta.\r\n\r\nEn reconocimiento a su trayectoria profesional, le han sido concedidos los premios PEN American Literary Service Award en 2018, National Medal of Arts en 2014 y National Book Foundation Medal for Distinguished Contribution to American Letters en 2003.\r\n\r\nVive en Bangor, Maine, con su esposa Tabitha King, también novelista.
\.


--
-- Data for Name: catalogo_biblioteca; Type: TABLE DATA; Schema: public; Owner: postgres
--

COPY public.catalogo_biblioteca (id, nombre, direccion, latitud, longitud, telefono, email, horario) FROM stdin;
1	Biblioteca 1	C. de Alberto Aguilera, 25, Centro, 28015 Madrid, España	40.429944	-3.712778	915422800	biblioteca1@gmail.com	lunes\t8:30 a.m.–9 p.m.\r\nmartes\t8:30 a.m.–9 p.m.\r\nmiércoles\t8:30 a.m.–9 p.m.\r\njueves\t8:30 a.m.–9 p.m.\r\nviernes\t8:30 a.m.–9 p.m.\r\nsábado\tCerrado\r\ndomingo\tCerrado
\.


--
-- Data for Name: catalogo_ejemplarlibro; Type: TABLE DATA; Schema: public; Owner: postgres
--

COPY public.catalogo_ejemplarlibro (id, estado, libro_id) FROM stdin;
c39ef7cc-bb82-499b-9b0b-864a5884c1d3	d	1
d6070592-82f8-4246-8055-5f8bcdf1ff23	d	2
1e4a92cf-45f7-43eb-b22e-005837bde08b	d	4
9eb57787-f8c3-4172-b97b-964d28c8852a	d	5
d9bfd788-b0fc-4982-8b63-55b69719e73b	p	3
\.


--
-- Data for Name: catalogo_espacio; Type: TABLE DATA; Schema: public; Owner: postgres
--

COPY public.catalogo_espacio (id, nombre, ubicacion, capacidad) FROM stdin;
1	Sala 1A	1ª planta	5
2	Sala 1B	1ª planta	8
3	Sala 2A	2ª planta	10
4	Sala 2B	2ª planta	10
\.


--
-- Data for Name: catalogo_evento; Type: TABLE DATA; Schema: public; Owner: postgres
--

COPY public.catalogo_evento (id, titulo, descripcion, fecha_inicio, fecha_fin, lugar, plazas_totales, plazas_ocupadas) FROM stdin;
1	Conferencia sobre Innovación Tecnológica: El Futuro de la Inteligencia Artificial	Sumérgete en una jornada dedicada a explorar los avances más recientes y las tendencias emergentes en el campo de la inteligencia artificial. Esta conferencia reúne a expertos, investigadores y profesionales del sector tecnológico para debatir el impacto de la IA en la sociedad, la ética en su desarrollo, y su papel en áreas clave como la salud, la educación, la industria y los servicios.\r\n\r\nA través de ponencias inspiradoras y mesas redondas dinámicas, conocerás de primera mano cómo la inteligencia artificial está transformando el mundo y qué podemos esperar en los próximos años. Una oportunidad única para aprender, conectar y anticipar el futuro.	2025-06-17 07:00:00-05	2025-06-19 14:00:00-05	Auditorio Principal	20	0
2	Taller de Ciberseguridad: Protegiendo el Mundo Digital	En un mundo cada vez más interconectado, la seguridad digital es fundamental. Este taller práctico está diseñado para estudiantes, profesionales y entusiastas de la tecnología que deseen comprender los fundamentos de la ciberseguridad. Aprenderás sobre amenazas comunes, técnicas de protección, herramientas de análisis de vulnerabilidades y buenas prácticas para resguardar datos personales y corporativos. De la mano de expertos en seguridad informática, realizarás actividades interactivas que te permitirán aplicar los conceptos aprendidos en escenarios reales. ¡Un evento esencial para quienes desean navegar con confianza en el mundo digital!	2025-05-28 06:00:00-05	2025-05-30 13:00:00-05	Sala de Informática 2	10	0
3	Jornada de Bienestar: Conexión con la Naturaleza	Una mañana dedicada al equilibrio entre cuerpo, mente y entorno. Esta jornada al aire libre invita a la comunidad universitaria a participar en actividades que promueven el bienestar integral: sesiones de yoga y meditación guiada, caminatas conscientes, talleres de respiración y alimentación saludable. Rodeados de naturaleza, los participantes podrán desconectar del ritmo acelerado del día a día y reconectar consigo mismos. También habrá un rincón de té e infusiones naturales, acompañado de música suave en vivo. Ideal para recargar energías y cultivar hábitos saludables en un ambiente relajante y armonioso.	2025-06-23 05:00:00-05	2025-05-27 08:00:00-05	Patio Central	8	0
\.


--
-- Data for Name: catalogo_genero; Type: TABLE DATA; Schema: public; Owner: postgres
--

COPY public.catalogo_genero (id, nombre) FROM stdin;
1	Misterio
2	Ficción
3	Policial
4	Aventura
5	Biografía
6	No Ficción
7	Drama
8	Terror
\.


--
-- Data for Name: catalogo_idioma; Type: TABLE DATA; Schema: public; Owner: postgres
--

COPY public.catalogo_idioma (id, nombre) FROM stdin;
3	Español
5	Inglés
\.


--
-- Data for Name: catalogo_libro; Type: TABLE DATA; Schema: public; Owner: postgres
--

COPY public.catalogo_libro (id, titulo, resumen, isbn, editorial, idioma_id, autor_id, portada) FROM stdin;
3	El hombre en busca del sentido	El doctor Frankl, psiquiatra y escritor, suele preguntar a sus pacientes aquejados de múltiples padecimientos: «¿Por qué no se suicida usted? Y muchas veces, de las respuestas extrae una orientación para la psicoterapia a aplicar: a éste, lo que le ata a la vida son los hijos; al otro, un talento, una habilidad sin explotar; a un tercero, quizás, sólo unos cuantos recuerdos que merece la pena rescatar del olvido. Tejer estas tenues hebras de vidas rotas en una urdimbre firme, coherente, significativa y responsable es el objeto con que se enfrenta la logoterapia. En esta obra, Viktor E. Frankl explica la experiencia que le llevó al descubrimiento de la logoterapia. Prisionero, durante mucho tiempo, en los desalmados campos de concentración, él mismo sintió en su propio ser lo que significaba una existencia desnuda. ¿Cómo pudo él que todo lo había perdido, que había visto destruir todo lo que valía la pena, que padeció hambre, frío, brutalidades sin fin, que tantas veces estuvo a punto del exterminio, cómo pudo aceptar que la vida fuera digna de vivirla?	9788425432026	Herder Editorial	3	3	portadas/ElHombreEnBuscaDelSentido_jra7ROc.jpg
5	Muerte en el Nilo	Un célebre caso que pone a prueba la extrema lucidez de Hércules Poirot.\r\nDurante unas placenteras vacaciones en Egipto, el detective Hércules Poirot coincide con Linnet y Simon, unos conocidos suyos que están de luna de miel en el país de los faraones.\r\n\r\nEl encanto de tan maravillosos días se rompe cuando una mañana, en el transcurso de un crucero por el Nilo, la bella Linnet aparece muerta de un disparo en la cabeza.\r\n\r\n¿Será capaz Poirot de encontrar al asesino de la joven esposa? ¿Será capaz de discernir entre imaginación y realidad, aun estando a bordo la ex pareja de Simon, empeñada desde el mismo día de la boda en arruinar su matrimonio con la desafortunada Linnet?\r\n\r\nEl misterio está servido.	9788467056594	Espasa	5	1	portadas/MuerteEnElNilo_IguUoOq.jpg
8	La larga mancha	Una inquietante novela futurista donde la realidad supera a la fantasía más terrorífica.\r\n\r\nEl escenario: una sociedad ultraconservadora que ha llevado al paroxismo sus rasgos más perversos, dominada por un estado policial.\r\n\r\nEl acontecimiento: la más extraordinaria competición deportiva, una agotadora marcha a pie donde un resbalón puede ser el último.	9788497930017	DEBOLSILLO	3	6	portadas/LaLargaMancha.jpg
2	Viento y Verdad	Dalinar Kholin desafió al malvado dios Odium a un duelo de campeones en el que se decidirá el futuro de Roshar. Los Caballeros Radiantes solo tienen diez días para prepararse... y la repentina ascensión del taimado e implacable Taravangian al puesto de Odium lo ha sumido todo en una tremenda confusión.\r\n\r\nLa lucha desesperada prosigue simultáneamente a lo largo y ancho del mundo: Adolin en Azimir, Sigzil y Venli en las Llanuras Quebradas y Jasnah en Ciudad Thaylen. El exasesino Seth deberá purgar Shinovar, su tierra natal, de la oscura influencia de los Deshechos. Lo acompaña Kaladin, que afronta una nueva batalla ayudando a Seth a combatir sus propios demonios... y tendrá que hacer lo mismo con Ishar, el demente Heraldo del Todopoderoso.	9788419260550	Nova	3	2	portadas/VientoYVerdad_hzrR4q7.jpg
1	Y no quedó ninguno	Esta edición restituye el título original de la novela mundialmente conocida como Diez negritos.\r\n\r\nDiez personas que no se han visto nunca son invitadas por un huésped desconocido a pasar unos días de vacaciones en una lujosa mansión, situada en una isla de la costa inglesa. Durante la cena, una misteriosa grabación desvelará que cada uno de los presentes tiene algo que esconder y un crimen por el que pagar.\r\n\r\nCuando el cuerpo de uno de los invitados aparezca con signos de haber sido asesinado, la tensión estallará: el asesino está entre ellos, preparándose para actuar de nuevo, y solo una vieja canción infantil parece encerrar el misterio de la creciente pesadilla.	9788467070514	Booket	3	1	portadas/YNoQuedoNinguno_Yf6j8Iq.jpg
7	The Shining	Danny is only five years old, but in the words of old Mr Hallorann he is a 'shiner', aglow with psychic voltage. When his father becomes caretaker of the Overlook Hotel, Danny's visions grow out of control. As winter closes in and blizzards cut them off, the hotel seems to develop a life of its own. It is meant to be empty. So who is the lady in Room 217 and who are the masked guests going up and down in the elevator? And why do the hedges shaped like animals seem so alive? Somewhere, somehow, there is an evil force in the hotel - and that, too, is beginning to shine ...	9781444720723	HODDER & STOUGHTON	5	6	portadas/TheShining.jpg
6	Amanecer en la cosecha	Amanece el día de los Quincuagesimos Juegos del Hambre y el miedo atenaza a los distritos de Panem. Este año, en honor al Vasallaje de los Veinticinco, se llevarán de sus hogares al doble de tributos.\r\n\r\nEn el Distrito 12, Haymitch Abernathy intenta no pensar demasiado en sus probabilidades. Lo único que le importa es que se acabe el día para poder estar con su chica.\r\n\r\nCuando anuncian el nombre de Haymitch, todos sus sueños se rompen en pedazos. Lo separan de su familia y de su amada, y lo envían al Capitolio con los otros tres tributos del Distrito 12: una amiga que es casi como una hermana pequeña para el, un chico obsesionado con analizar apuestas y la chica más estirada de la ciudad. Cuando empiezan los Juegos, Haymitch comprende que en el Capitolio quieren que fracase. Sin embargo, algo dentro de el desea luchar… y que el eco de esa lucha llegue mucho más allá de la mortífera arena.	9788427248427	Molino	3	5	portadas/AmanecerEnLaCosecha.jpg
4	A sangre fría	El 15 de noviembre de 1959, en un pueblecito de Kansas, los cuatro miembros de la familia Clutter fueron salvajemente asesinados en su casa. Los crímenes eran aparentemente inmotivados, y no se encontraron claves que permitieran identificar a los asesinos. Cinco años, cuatro meses y veintinueve días más tarde, el 14 de abril de 1965, Dick Hickcock y Perry Smith fueron ahorcados como culpables de las muertes en la penitenciaría del estado de Kansas.\r\n\r\nA partir de estos hechos, y tras realizar largas y minuciosas investigaciones con los protagonistas reales de la historia, Truman Capote dio un vuelco a su carrera de narrador y escribió A sangre fría, la novela que le consagró definitivamente como uno de los grandes de la literatura norteamericana del siglo XX. Capote sigue paso a paso la vida del pequeño pueblecito, esboza retratos de los que serían víctimas de una muerte tan espantosa como insospechada, acompaña a la policía en las pesquisas que condujeron al descubrimiento y detención de Hickcock y Smith y, sobre todo, se concentra en los dos criminales psicópatas hasta construir dos personajes perfectamente perfilados, a los que el lector llegará a conocer íntimamente.\r\n\r\nAl yuxtaponer las vidas y el sistema de valores de los Clutter con los de los asesinos, Capote nos brinda su visión de la doblez de la vida norteamericana.	9788433928184	Anagrama	3	4	portadas/ASangreFria_rIFQ2cY.jpg
\.


--
-- Data for Name: catalogo_libro_genero; Type: TABLE DATA; Schema: public; Owner: postgres
--

COPY public.catalogo_libro_genero (id, libro_id, genero_id) FROM stdin;
1	1	1
2	1	2
3	1	3
4	2	2
5	2	4
6	3	5
7	4	6
8	5	1
9	5	2
10	5	3
11	6	2
12	6	4
13	6	7
14	7	8
15	7	2
16	8	8
17	8	1
18	8	2
\.


--
-- Data for Name: catalogo_prestamo; Type: TABLE DATA; Schema: public; Owner: postgres
--

COPY public.catalogo_prestamo (id, fecha_prestamo, fecha_devolucion, estado, ejemplar_id) FROM stdin;
\.


--
-- Data for Name: django_admin_log; Type: TABLE DATA; Schema: public; Owner: postgres
--

COPY public.django_admin_log (id, action_time, object_id, object_repr, action_flag, change_message, content_type_id, user_id) FROM stdin;
1	2025-05-01 20:33:16.767446-05	1	Christie, Agatha	1	[{"added": {}}]	7	1
2	2025-05-01 20:33:23.300818-05	1	Misterio	1	[{"added": {}}]	8	1
3	2025-05-01 20:33:28.310128-05	2	Ficción	1	[{"added": {}}]	8	1
4	2025-05-01 20:33:33.370786-05	3	Policial	1	[{"added": {}}]	8	1
5	2025-05-01 20:33:39.697905-05	1	Español	1	[{"added": {}}]	9	1
6	2025-05-01 20:33:55.421635-05	1	Y no quedó ninguno	1	[{"added": {}}]	10	1
7	2025-05-01 20:34:49.131995-05	2	Sanderson, Brandon	1	[{"added": {}}]	7	1
8	2025-05-01 20:34:57.809921-05	4	Aventura	1	[{"added": {}}]	8	1
9	2025-05-01 20:35:02.805516-05	2	Español	1	[{"added": {}}]	9	1
10	2025-05-01 20:35:14.562817-05	2	Viento y Verdad	1	[{"added": {}}]	10	1
11	2025-05-01 20:36:50.888962-05	3	Frankl, Viktor	1	[{"added": {}}]	7	1
12	2025-05-01 20:37:09.195921-05	5	Biografía	1	[{"added": {}}]	8	1
13	2025-05-01 20:37:14.989426-05	3	Español	1	[{"added": {}}]	9	1
14	2025-05-01 20:37:30.928104-05	3	El hombre en busca del sentido	1	[{"added": {}}]	10	1
15	2025-05-01 20:39:32.134305-05	4	Capote, Truman	1	[{"added": {}}]	7	1
16	2025-05-01 20:39:54.09898-05	4	Inglés	1	[{"added": {}}]	9	1
17	2025-05-01 20:39:59.402881-05	6	No Ficción	1	[{"added": {}}]	8	1
18	2025-05-01 20:40:07.365348-05	4	A sangre fría	1	[{"added": {}}]	10	1
19	2025-05-01 20:41:03.966884-05	5	Inglés	1	[{"added": {}}]	9	1
20	2025-05-01 20:41:11.18025-05	5	Muerte en el Nilo	1	[{"added": {}}]	10	1
21	2025-05-01 20:41:34.521089-05	c39ef7cc-bb82-499b-9b0b-864a5884c1d3	c39ef7cc-bb82-499b-9b0b-864a5884c1d3 (Y no quedó ninguno)	1	[{"added": {}}]	11	1
22	2025-05-01 20:41:40.984069-05	d6070592-82f8-4246-8055-5f8bcdf1ff23	d6070592-82f8-4246-8055-5f8bcdf1ff23 (Viento y Verdad)	1	[{"added": {}}]	11	1
23	2025-05-01 20:41:43.746875-05	d9bfd788-b0fc-4982-8b63-55b69719e73b	d9bfd788-b0fc-4982-8b63-55b69719e73b (El hombre en busca del sentido)	1	[{"added": {}}]	11	1
24	2025-05-01 20:41:46.220877-05	1e4a92cf-45f7-43eb-b22e-005837bde08b	1e4a92cf-45f7-43eb-b22e-005837bde08b (A sangre fría)	1	[{"added": {}}]	11	1
25	2025-05-01 20:41:48.653456-05	9eb57787-f8c3-4172-b97b-964d28c8852a	9eb57787-f8c3-4172-b97b-964d28c8852a (Muerte en el Nilo)	1	[{"added": {}}]	11	1
26	2025-05-01 20:43:11.814668-05	1	Biblioteca 1	1	[{"added": {}}]	13	1
27	2025-05-01 20:44:22.343008-05	1	Conferencia sobre Innovación Tecnológica: El Futuro de la Inteligencia Artificial (17/06 - 19/06)	1	[{"added": {}}]	14	1
28	2025-05-01 20:45:12.701982-05	2	Taller de Ciberseguridad: Protegiendo el Mundo Digital (28/05 - 30/05)	1	[{"added": {}}]	14	1
29	2025-05-01 20:46:10.286748-05	3	Jornada de Bienestar: Conexión con la Naturaleza (23/06 - 27/05)	1	[{"added": {}}]	14	1
30	2025-05-01 20:46:32.307523-05	1	Sala 1A - 1ª planta	1	[{"added": {}}]	15	1
31	2025-05-01 20:46:42.442175-05	2	Sala 1B - 1ª planta	1	[{"added": {}}]	15	1
32	2025-05-01 20:47:00.734681-05	3	Sala 2A - 2ª planta	1	[{"added": {}}]	15	1
33	2025-05-01 20:47:17.953827-05	4	Sala 2B - 2ª planta	1	[{"added": {}}]	15	1
34	2025-05-03 08:39:34.211229-05	5	Collins, Suzanne	1	[{"added": {}}]	7	1
35	2025-05-03 08:40:22.72373-05	7	Drama	1	[{"added": {}}]	8	1
36	2025-05-03 08:41:32.083149-05	6	Amanecer en la cosecha	1	[{"added": {}}]	10	1
37	2025-05-03 08:46:32.048562-05	6	King, Stephen	1	[{"added": {}}]	7	1
38	2025-05-03 08:47:53.561367-05	8	Terror	1	[{"added": {}}]	8	1
39	2025-05-03 08:47:58.43355-05	7	The Shining	1	[{"added": {}}]	10	1
40	2025-05-03 08:50:28.685628-05	8	La larga mancha	1	[{"added": {}}]	10	1
41	2025-05-03 08:51:21.100688-05	7	The Shining	2	[{"changed": {"fields": ["Portada"]}}]	10	1
42	2025-05-03 08:52:07.316004-05	4	Inglés	3		9	1
43	2025-05-03 08:52:11.644959-05	2	Español	3		9	1
44	2025-05-03 08:52:16.956861-05	1	Español	3		9	1
45	2025-05-03 08:52:29.315929-05	8	La larga mancha	2	[{"changed": {"fields": ["Idioma"]}}]	10	1
46	2025-05-03 08:52:35.329884-05	7	The Shining	2	[{"changed": {"fields": ["Idioma"]}}]	10	1
47	2025-05-03 08:52:42.879153-05	6	Amanecer en la cosecha	2	[{"changed": {"fields": ["Idioma"]}}]	10	1
48	2025-05-03 08:52:49.331862-05	4	A sangre fría	2	[{"changed": {"fields": ["Idioma"]}}]	10	1
49	2025-05-03 08:52:55.511903-05	2	Viento y Verdad	2	[{"changed": {"fields": ["Idioma"]}}]	10	1
50	2025-05-03 08:53:02.031241-05	1	Y no quedó ninguno	2	[{"changed": {"fields": ["Idioma"]}}]	10	1
\.


--
-- Data for Name: django_content_type; Type: TABLE DATA; Schema: public; Owner: postgres
--

COPY public.django_content_type (id, app_label, model) FROM stdin;
1	admin	logentry
2	auth	permission
3	auth	group
4	auth	user
5	contenttypes	contenttype
6	sessions	session
7	catalogo	autor
8	catalogo	genero
9	catalogo	idioma
10	catalogo	libro
11	catalogo	ejemplarlibro
12	catalogo	prestamo
13	catalogo	biblioteca
14	catalogo	evento
15	catalogo	espacio
\.


--
-- Data for Name: django_migrations; Type: TABLE DATA; Schema: public; Owner: postgres
--

COPY public.django_migrations (id, app, name, applied) FROM stdin;
1	contenttypes	0001_initial	2025-05-01 20:22:07.287465-05
2	auth	0001_initial	2025-05-01 20:22:07.350255-05
3	admin	0001_initial	2025-05-01 20:22:07.370843-05
4	admin	0002_logentry_remove_auto_add	2025-05-01 20:22:07.376773-05
5	admin	0003_logentry_add_action_flag_choices	2025-05-01 20:22:07.382632-05
6	contenttypes	0002_remove_content_type_name	2025-05-01 20:22:07.393462-05
7	auth	0002_alter_permission_name_max_length	2025-05-01 20:22:07.399199-05
8	auth	0003_alter_user_email_max_length	2025-05-01 20:22:07.408414-05
9	auth	0004_alter_user_username_opts	2025-05-01 20:22:07.415631-05
10	auth	0005_alter_user_last_login_null	2025-05-01 20:22:07.421773-05
11	auth	0006_require_contenttypes_0002	2025-05-01 20:22:07.423042-05
12	auth	0007_alter_validators_add_error_messages	2025-05-01 20:22:07.430659-05
13	auth	0008_alter_user_username_max_length	2025-05-01 20:22:07.439644-05
14	auth	0009_alter_user_last_name_max_length	2025-05-01 20:22:07.446753-05
15	auth	0010_alter_group_name_max_length	2025-05-01 20:22:07.455137-05
16	auth	0011_update_proxy_permissions	2025-05-01 20:22:07.461001-05
17	auth	0012_alter_user_first_name_max_length	2025-05-01 20:22:07.468672-05
18	catalogo	0001_initial	2025-05-01 20:22:07.52049-05
19	catalogo	0002_remove_libro_autor_alter_libro_genero_libro_autor	2025-05-01 20:22:07.5299-05
20	catalogo	0003_libro_portada	2025-05-01 20:22:07.545531-05
21	catalogo	0004_biblioteca	2025-05-01 20:22:07.554326-05
22	catalogo	0005_evento	2025-05-01 20:22:07.556858-05
23	catalogo	0006_espacio	2025-05-01 20:22:07.565402-05
24	sessions	0001_initial	2025-05-01 20:22:07.572295-05
\.


--
-- Data for Name: django_session; Type: TABLE DATA; Schema: public; Owner: postgres
--

COPY public.django_session (session_key, session_data, expire_date) FROM stdin;
oxqtelnlvh0gii1eohhs3bxgzglt9jxw	.eJxVjDsOwyAQBe9CHSFYY8ymTO8zWAu7Dk4ikPypotw9QnKRtG9m3ltNdOx5OjZZp4XVVVl1-d0ipaeUBvhB5V51qmVfl6ibok-66bGyvG6n-3eQacutZsDUGXEw8JxkoF4iEdmOkhGO1ooJgM5LwNmB98QBAQyCEQw9ovp8AQrgOAg:1uAfFh:gga868BG8Zn2vRALxqvVUZynhSCcyBVLeBURzdJAYyo	2025-05-15 20:31:45.198169-05
u7sodvboazpzfqqj9miweydaiai6whrk	.eJxVjDsOwyAQBe9CHSFYY8ymTO8zWAu7Dk4ikPypotw9QnKRtG9m3ltNdOx5OjZZp4XVVVl1-d0ipaeUBvhB5V51qmVfl6ibok-66bGyvG6n-3eQacutZsDUGXEw8JxkoF4iEdmOkhGO1ooJgM5LwNmB98QBAQyCEQw9ovp8AQrgOAg:1uB1GA:4z1F7i6nZXH8WuleCpmRnHzHBb0NTbMRtnkqGMsP8zk	2025-05-16 20:01:42.989078-05
\.


--
-- Name: auth_group_id_seq; Type: SEQUENCE SET; Schema: public; Owner: postgres
--

SELECT pg_catalog.setval('public.auth_group_id_seq', 1, false);


--
-- Name: auth_group_permissions_id_seq; Type: SEQUENCE SET; Schema: public; Owner: postgres
--

SELECT pg_catalog.setval('public.auth_group_permissions_id_seq', 1, false);


--
-- Name: auth_permission_id_seq; Type: SEQUENCE SET; Schema: public; Owner: postgres
--

SELECT pg_catalog.setval('public.auth_permission_id_seq', 60, true);


--
-- Name: auth_user_groups_id_seq; Type: SEQUENCE SET; Schema: public; Owner: postgres
--

SELECT pg_catalog.setval('public.auth_user_groups_id_seq', 1, false);


--
-- Name: auth_user_id_seq; Type: SEQUENCE SET; Schema: public; Owner: postgres
--

SELECT pg_catalog.setval('public.auth_user_id_seq', 1, true);


--
-- Name: auth_user_user_permissions_id_seq; Type: SEQUENCE SET; Schema: public; Owner: postgres
--

SELECT pg_catalog.setval('public.auth_user_user_permissions_id_seq', 1, false);


--
-- Name: catalogo_autor_id_seq; Type: SEQUENCE SET; Schema: public; Owner: postgres
--

SELECT pg_catalog.setval('public.catalogo_autor_id_seq', 6, true);


--
-- Name: catalogo_biblioteca_id_seq; Type: SEQUENCE SET; Schema: public; Owner: postgres
--

SELECT pg_catalog.setval('public.catalogo_biblioteca_id_seq', 1, true);


--
-- Name: catalogo_espacio_id_seq; Type: SEQUENCE SET; Schema: public; Owner: postgres
--

SELECT pg_catalog.setval('public.catalogo_espacio_id_seq', 4, true);


--
-- Name: catalogo_evento_id_seq; Type: SEQUENCE SET; Schema: public; Owner: postgres
--

SELECT pg_catalog.setval('public.catalogo_evento_id_seq', 3, true);


--
-- Name: catalogo_genero_id_seq; Type: SEQUENCE SET; Schema: public; Owner: postgres
--

SELECT pg_catalog.setval('public.catalogo_genero_id_seq', 8, true);


--
-- Name: catalogo_idioma_id_seq; Type: SEQUENCE SET; Schema: public; Owner: postgres
--

SELECT pg_catalog.setval('public.catalogo_idioma_id_seq', 5, true);


--
-- Name: catalogo_libro_genero_id_seq; Type: SEQUENCE SET; Schema: public; Owner: postgres
--

SELECT pg_catalog.setval('public.catalogo_libro_genero_id_seq', 18, true);


--
-- Name: catalogo_libro_id_seq; Type: SEQUENCE SET; Schema: public; Owner: postgres
--

SELECT pg_catalog.setval('public.catalogo_libro_id_seq', 8, true);


--
-- Name: catalogo_prestamo_id_seq; Type: SEQUENCE SET; Schema: public; Owner: postgres
--

SELECT pg_catalog.setval('public.catalogo_prestamo_id_seq', 1, false);


--
-- Name: django_admin_log_id_seq; Type: SEQUENCE SET; Schema: public; Owner: postgres
--

SELECT pg_catalog.setval('public.django_admin_log_id_seq', 50, true);


--
-- Name: django_content_type_id_seq; Type: SEQUENCE SET; Schema: public; Owner: postgres
--

SELECT pg_catalog.setval('public.django_content_type_id_seq', 15, true);


--
-- Name: django_migrations_id_seq; Type: SEQUENCE SET; Schema: public; Owner: postgres
--

SELECT pg_catalog.setval('public.django_migrations_id_seq', 24, true);


--
-- Name: auth_group auth_group_name_key; Type: CONSTRAINT; Schema: public; Owner: postgres
--

ALTER TABLE ONLY public.auth_group
    ADD CONSTRAINT auth_group_name_key UNIQUE (name);


--
-- Name: auth_group_permissions auth_group_permissions_group_id_permission_id_0cd325b0_uniq; Type: CONSTRAINT; Schema: public; Owner: postgres
--

ALTER TABLE ONLY public.auth_group_permissions
    ADD CONSTRAINT auth_group_permissions_group_id_permission_id_0cd325b0_uniq UNIQUE (group_id, permission_id);


--
-- Name: auth_group_permissions auth_group_permissions_pkey; Type: CONSTRAINT; Schema: public; Owner: postgres
--

ALTER TABLE ONLY public.auth_group_permissions
    ADD CONSTRAINT auth_group_permissions_pkey PRIMARY KEY (id);


--
-- Name: auth_group auth_group_pkey; Type: CONSTRAINT; Schema: public; Owner: postgres
--

ALTER TABLE ONLY public.auth_group
    ADD CONSTRAINT auth_group_pkey PRIMARY KEY (id);


--
-- Name: auth_permission auth_permission_content_type_id_codename_01ab375a_uniq; Type: CONSTRAINT; Schema: public; Owner: postgres
--

ALTER TABLE ONLY public.auth_permission
    ADD CONSTRAINT auth_permission_content_type_id_codename_01ab375a_uniq UNIQUE (content_type_id, codename);


--
-- Name: auth_permission auth_permission_pkey; Type: CONSTRAINT; Schema: public; Owner: postgres
--

ALTER TABLE ONLY public.auth_permission
    ADD CONSTRAINT auth_permission_pkey PRIMARY KEY (id);


--
-- Name: auth_user_groups auth_user_groups_pkey; Type: CONSTRAINT; Schema: public; Owner: postgres
--

ALTER TABLE ONLY public.auth_user_groups
    ADD CONSTRAINT auth_user_groups_pkey PRIMARY KEY (id);


--
-- Name: auth_user_groups auth_user_groups_user_id_group_id_94350c0c_uniq; Type: CONSTRAINT; Schema: public; Owner: postgres
--

ALTER TABLE ONLY public.auth_user_groups
    ADD CONSTRAINT auth_user_groups_user_id_group_id_94350c0c_uniq UNIQUE (user_id, group_id);


--
-- Name: auth_user auth_user_pkey; Type: CONSTRAINT; Schema: public; Owner: postgres
--

ALTER TABLE ONLY public.auth_user
    ADD CONSTRAINT auth_user_pkey PRIMARY KEY (id);


--
-- Name: auth_user_user_permissions auth_user_user_permissions_pkey; Type: CONSTRAINT; Schema: public; Owner: postgres
--

ALTER TABLE ONLY public.auth_user_user_permissions
    ADD CONSTRAINT auth_user_user_permissions_pkey PRIMARY KEY (id);


--
-- Name: auth_user_user_permissions auth_user_user_permissions_user_id_permission_id_14a6b632_uniq; Type: CONSTRAINT; Schema: public; Owner: postgres
--

ALTER TABLE ONLY public.auth_user_user_permissions
    ADD CONSTRAINT auth_user_user_permissions_user_id_permission_id_14a6b632_uniq UNIQUE (user_id, permission_id);


--
-- Name: auth_user auth_user_username_key; Type: CONSTRAINT; Schema: public; Owner: postgres
--

ALTER TABLE ONLY public.auth_user
    ADD CONSTRAINT auth_user_username_key UNIQUE (username);


--
-- Name: catalogo_autor catalogo_autor_pkey; Type: CONSTRAINT; Schema: public; Owner: postgres
--

ALTER TABLE ONLY public.catalogo_autor
    ADD CONSTRAINT catalogo_autor_pkey PRIMARY KEY (id);


--
-- Name: catalogo_biblioteca catalogo_biblioteca_pkey; Type: CONSTRAINT; Schema: public; Owner: postgres
--

ALTER TABLE ONLY public.catalogo_biblioteca
    ADD CONSTRAINT catalogo_biblioteca_pkey PRIMARY KEY (id);


--
-- Name: catalogo_ejemplarlibro catalogo_ejemplarlibro_pkey; Type: CONSTRAINT; Schema: public; Owner: postgres
--

ALTER TABLE ONLY public.catalogo_ejemplarlibro
    ADD CONSTRAINT catalogo_ejemplarlibro_pkey PRIMARY KEY (id);


--
-- Name: catalogo_espacio catalogo_espacio_pkey; Type: CONSTRAINT; Schema: public; Owner: postgres
--

ALTER TABLE ONLY public.catalogo_espacio
    ADD CONSTRAINT catalogo_espacio_pkey PRIMARY KEY (id);


--
-- Name: catalogo_evento catalogo_evento_pkey; Type: CONSTRAINT; Schema: public; Owner: postgres
--

ALTER TABLE ONLY public.catalogo_evento
    ADD CONSTRAINT catalogo_evento_pkey PRIMARY KEY (id);


--
-- Name: catalogo_genero catalogo_genero_pkey; Type: CONSTRAINT; Schema: public; Owner: postgres
--

ALTER TABLE ONLY public.catalogo_genero
    ADD CONSTRAINT catalogo_genero_pkey PRIMARY KEY (id);


--
-- Name: catalogo_idioma catalogo_idioma_pkey; Type: CONSTRAINT; Schema: public; Owner: postgres
--

ALTER TABLE ONLY public.catalogo_idioma
    ADD CONSTRAINT catalogo_idioma_pkey PRIMARY KEY (id);


--
-- Name: catalogo_libro_genero catalogo_libro_genero_libro_id_genero_id_67963504_uniq; Type: CONSTRAINT; Schema: public; Owner: postgres
--

ALTER TABLE ONLY public.catalogo_libro_genero
    ADD CONSTRAINT catalogo_libro_genero_libro_id_genero_id_67963504_uniq UNIQUE (libro_id, genero_id);


--
-- Name: catalogo_libro_genero catalogo_libro_genero_pkey; Type: CONSTRAINT; Schema: public; Owner: postgres
--

ALTER TABLE ONLY public.catalogo_libro_genero
    ADD CONSTRAINT catalogo_libro_genero_pkey PRIMARY KEY (id);


--
-- Name: catalogo_libro catalogo_libro_pkey; Type: CONSTRAINT; Schema: public; Owner: postgres
--

ALTER TABLE ONLY public.catalogo_libro
    ADD CONSTRAINT catalogo_libro_pkey PRIMARY KEY (id);


--
-- Name: catalogo_prestamo catalogo_prestamo_pkey; Type: CONSTRAINT; Schema: public; Owner: postgres
--

ALTER TABLE ONLY public.catalogo_prestamo
    ADD CONSTRAINT catalogo_prestamo_pkey PRIMARY KEY (id);


--
-- Name: django_admin_log django_admin_log_pkey; Type: CONSTRAINT; Schema: public; Owner: postgres
--

ALTER TABLE ONLY public.django_admin_log
    ADD CONSTRAINT django_admin_log_pkey PRIMARY KEY (id);


--
-- Name: django_content_type django_content_type_app_label_model_76bd3d3b_uniq; Type: CONSTRAINT; Schema: public; Owner: postgres
--

ALTER TABLE ONLY public.django_content_type
    ADD CONSTRAINT django_content_type_app_label_model_76bd3d3b_uniq UNIQUE (app_label, model);


--
-- Name: django_content_type django_content_type_pkey; Type: CONSTRAINT; Schema: public; Owner: postgres
--

ALTER TABLE ONLY public.django_content_type
    ADD CONSTRAINT django_content_type_pkey PRIMARY KEY (id);


--
-- Name: django_migrations django_migrations_pkey; Type: CONSTRAINT; Schema: public; Owner: postgres
--

ALTER TABLE ONLY public.django_migrations
    ADD CONSTRAINT django_migrations_pkey PRIMARY KEY (id);


--
-- Name: django_session django_session_pkey; Type: CONSTRAINT; Schema: public; Owner: postgres
--

ALTER TABLE ONLY public.django_session
    ADD CONSTRAINT django_session_pkey PRIMARY KEY (session_key);


--
-- Name: auth_group_name_a6ea08ec_like; Type: INDEX; Schema: public; Owner: postgres
--

CREATE INDEX auth_group_name_a6ea08ec_like ON public.auth_group USING btree (name varchar_pattern_ops);


--
-- Name: auth_group_permissions_group_id_b120cbf9; Type: INDEX; Schema: public; Owner: postgres
--

CREATE INDEX auth_group_permissions_group_id_b120cbf9 ON public.auth_group_permissions USING btree (group_id);


--
-- Name: auth_group_permissions_permission_id_84c5c92e; Type: INDEX; Schema: public; Owner: postgres
--

CREATE INDEX auth_group_permissions_permission_id_84c5c92e ON public.auth_group_permissions USING btree (permission_id);


--
-- Name: auth_permission_content_type_id_2f476e4b; Type: INDEX; Schema: public; Owner: postgres
--

CREATE INDEX auth_permission_content_type_id_2f476e4b ON public.auth_permission USING btree (content_type_id);


--
-- Name: auth_user_groups_group_id_97559544; Type: INDEX; Schema: public; Owner: postgres
--

CREATE INDEX auth_user_groups_group_id_97559544 ON public.auth_user_groups USING btree (group_id);


--
-- Name: auth_user_groups_user_id_6a12ed8b; Type: INDEX; Schema: public; Owner: postgres
--

CREATE INDEX auth_user_groups_user_id_6a12ed8b ON public.auth_user_groups USING btree (user_id);


--
-- Name: auth_user_user_permissions_permission_id_1fbb5f2c; Type: INDEX; Schema: public; Owner: postgres
--

CREATE INDEX auth_user_user_permissions_permission_id_1fbb5f2c ON public.auth_user_user_permissions USING btree (permission_id);


--
-- Name: auth_user_user_permissions_user_id_a95ead1b; Type: INDEX; Schema: public; Owner: postgres
--

CREATE INDEX auth_user_user_permissions_user_id_a95ead1b ON public.auth_user_user_permissions USING btree (user_id);


--
-- Name: auth_user_username_6821ab7c_like; Type: INDEX; Schema: public; Owner: postgres
--

CREATE INDEX auth_user_username_6821ab7c_like ON public.auth_user USING btree (username varchar_pattern_ops);


--
-- Name: catalogo_ejemplarlibro_libro_id_3aa067ee; Type: INDEX; Schema: public; Owner: postgres
--

CREATE INDEX catalogo_ejemplarlibro_libro_id_3aa067ee ON public.catalogo_ejemplarlibro USING btree (libro_id);


--
-- Name: catalogo_libro_autor_id_669e85c2; Type: INDEX; Schema: public; Owner: postgres
--

CREATE INDEX catalogo_libro_autor_id_669e85c2 ON public.catalogo_libro USING btree (autor_id);


--
-- Name: catalogo_libro_genero_genero_id_3802dac9; Type: INDEX; Schema: public; Owner: postgres
--

CREATE INDEX catalogo_libro_genero_genero_id_3802dac9 ON public.catalogo_libro_genero USING btree (genero_id);


--
-- Name: catalogo_libro_genero_libro_id_c75957ca; Type: INDEX; Schema: public; Owner: postgres
--

CREATE INDEX catalogo_libro_genero_libro_id_c75957ca ON public.catalogo_libro_genero USING btree (libro_id);


--
-- Name: catalogo_libro_idioma_id_66662819; Type: INDEX; Schema: public; Owner: postgres
--

CREATE INDEX catalogo_libro_idioma_id_66662819 ON public.catalogo_libro USING btree (idioma_id);


--
-- Name: catalogo_prestamo_ejemplar_id_ff2b3a6e; Type: INDEX; Schema: public; Owner: postgres
--

CREATE INDEX catalogo_prestamo_ejemplar_id_ff2b3a6e ON public.catalogo_prestamo USING btree (ejemplar_id);


--
-- Name: django_admin_log_content_type_id_c4bce8eb; Type: INDEX; Schema: public; Owner: postgres
--

CREATE INDEX django_admin_log_content_type_id_c4bce8eb ON public.django_admin_log USING btree (content_type_id);


--
-- Name: django_admin_log_user_id_c564eba6; Type: INDEX; Schema: public; Owner: postgres
--

CREATE INDEX django_admin_log_user_id_c564eba6 ON public.django_admin_log USING btree (user_id);


--
-- Name: django_session_expire_date_a5c62663; Type: INDEX; Schema: public; Owner: postgres
--

CREATE INDEX django_session_expire_date_a5c62663 ON public.django_session USING btree (expire_date);


--
-- Name: django_session_session_key_c0390e0f_like; Type: INDEX; Schema: public; Owner: postgres
--

CREATE INDEX django_session_session_key_c0390e0f_like ON public.django_session USING btree (session_key varchar_pattern_ops);


--
-- Name: auth_group_permissions auth_group_permissio_permission_id_84c5c92e_fk_auth_perm; Type: FK CONSTRAINT; Schema: public; Owner: postgres
--

ALTER TABLE ONLY public.auth_group_permissions
    ADD CONSTRAINT auth_group_permissio_permission_id_84c5c92e_fk_auth_perm FOREIGN KEY (permission_id) REFERENCES public.auth_permission(id) DEFERRABLE INITIALLY DEFERRED;


--
-- Name: auth_group_permissions auth_group_permissions_group_id_b120cbf9_fk_auth_group_id; Type: FK CONSTRAINT; Schema: public; Owner: postgres
--

ALTER TABLE ONLY public.auth_group_permissions
    ADD CONSTRAINT auth_group_permissions_group_id_b120cbf9_fk_auth_group_id FOREIGN KEY (group_id) REFERENCES public.auth_group(id) DEFERRABLE INITIALLY DEFERRED;


--
-- Name: auth_permission auth_permission_content_type_id_2f476e4b_fk_django_co; Type: FK CONSTRAINT; Schema: public; Owner: postgres
--

ALTER TABLE ONLY public.auth_permission
    ADD CONSTRAINT auth_permission_content_type_id_2f476e4b_fk_django_co FOREIGN KEY (content_type_id) REFERENCES public.django_content_type(id) DEFERRABLE INITIALLY DEFERRED;


--
-- Name: auth_user_groups auth_user_groups_group_id_97559544_fk_auth_group_id; Type: FK CONSTRAINT; Schema: public; Owner: postgres
--

ALTER TABLE ONLY public.auth_user_groups
    ADD CONSTRAINT auth_user_groups_group_id_97559544_fk_auth_group_id FOREIGN KEY (group_id) REFERENCES public.auth_group(id) DEFERRABLE INITIALLY DEFERRED;


--
-- Name: auth_user_groups auth_user_groups_user_id_6a12ed8b_fk_auth_user_id; Type: FK CONSTRAINT; Schema: public; Owner: postgres
--

ALTER TABLE ONLY public.auth_user_groups
    ADD CONSTRAINT auth_user_groups_user_id_6a12ed8b_fk_auth_user_id FOREIGN KEY (user_id) REFERENCES public.auth_user(id) DEFERRABLE INITIALLY DEFERRED;


--
-- Name: auth_user_user_permissions auth_user_user_permi_permission_id_1fbb5f2c_fk_auth_perm; Type: FK CONSTRAINT; Schema: public; Owner: postgres
--

ALTER TABLE ONLY public.auth_user_user_permissions
    ADD CONSTRAINT auth_user_user_permi_permission_id_1fbb5f2c_fk_auth_perm FOREIGN KEY (permission_id) REFERENCES public.auth_permission(id) DEFERRABLE INITIALLY DEFERRED;


--
-- Name: auth_user_user_permissions auth_user_user_permissions_user_id_a95ead1b_fk_auth_user_id; Type: FK CONSTRAINT; Schema: public; Owner: postgres
--

ALTER TABLE ONLY public.auth_user_user_permissions
    ADD CONSTRAINT auth_user_user_permissions_user_id_a95ead1b_fk_auth_user_id FOREIGN KEY (user_id) REFERENCES public.auth_user(id) DEFERRABLE INITIALLY DEFERRED;


--
-- Name: catalogo_ejemplarlibro catalogo_ejemplarlibro_libro_id_3aa067ee_fk_catalogo_libro_id; Type: FK CONSTRAINT; Schema: public; Owner: postgres
--

ALTER TABLE ONLY public.catalogo_ejemplarlibro
    ADD CONSTRAINT catalogo_ejemplarlibro_libro_id_3aa067ee_fk_catalogo_libro_id FOREIGN KEY (libro_id) REFERENCES public.catalogo_libro(id) DEFERRABLE INITIALLY DEFERRED;


--
-- Name: catalogo_libro catalogo_libro_autor_id_669e85c2_fk_catalogo_autor_id; Type: FK CONSTRAINT; Schema: public; Owner: postgres
--

ALTER TABLE ONLY public.catalogo_libro
    ADD CONSTRAINT catalogo_libro_autor_id_669e85c2_fk_catalogo_autor_id FOREIGN KEY (autor_id) REFERENCES public.catalogo_autor(id) DEFERRABLE INITIALLY DEFERRED;


--
-- Name: catalogo_libro_genero catalogo_libro_genero_genero_id_3802dac9_fk_catalogo_genero_id; Type: FK CONSTRAINT; Schema: public; Owner: postgres
--

ALTER TABLE ONLY public.catalogo_libro_genero
    ADD CONSTRAINT catalogo_libro_genero_genero_id_3802dac9_fk_catalogo_genero_id FOREIGN KEY (genero_id) REFERENCES public.catalogo_genero(id) DEFERRABLE INITIALLY DEFERRED;


--
-- Name: catalogo_libro_genero catalogo_libro_genero_libro_id_c75957ca_fk_catalogo_libro_id; Type: FK CONSTRAINT; Schema: public; Owner: postgres
--

ALTER TABLE ONLY public.catalogo_libro_genero
    ADD CONSTRAINT catalogo_libro_genero_libro_id_c75957ca_fk_catalogo_libro_id FOREIGN KEY (libro_id) REFERENCES public.catalogo_libro(id) DEFERRABLE INITIALLY DEFERRED;


--
-- Name: catalogo_libro catalogo_libro_idioma_id_66662819_fk_catalogo_idioma_id; Type: FK CONSTRAINT; Schema: public; Owner: postgres
--

ALTER TABLE ONLY public.catalogo_libro
    ADD CONSTRAINT catalogo_libro_idioma_id_66662819_fk_catalogo_idioma_id FOREIGN KEY (idioma_id) REFERENCES public.catalogo_idioma(id) DEFERRABLE INITIALLY DEFERRED;


--
-- Name: catalogo_prestamo catalogo_prestamo_ejemplar_id_ff2b3a6e_fk_catalogo_; Type: FK CONSTRAINT; Schema: public; Owner: postgres
--

ALTER TABLE ONLY public.catalogo_prestamo
    ADD CONSTRAINT catalogo_prestamo_ejemplar_id_ff2b3a6e_fk_catalogo_ FOREIGN KEY (ejemplar_id) REFERENCES public.catalogo_ejemplarlibro(id) DEFERRABLE INITIALLY DEFERRED;


--
-- Name: django_admin_log django_admin_log_content_type_id_c4bce8eb_fk_django_co; Type: FK CONSTRAINT; Schema: public; Owner: postgres
--

ALTER TABLE ONLY public.django_admin_log
    ADD CONSTRAINT django_admin_log_content_type_id_c4bce8eb_fk_django_co FOREIGN KEY (content_type_id) REFERENCES public.django_content_type(id) DEFERRABLE INITIALLY DEFERRED;


--
-- Name: django_admin_log django_admin_log_user_id_c564eba6_fk_auth_user_id; Type: FK CONSTRAINT; Schema: public; Owner: postgres
--

ALTER TABLE ONLY public.django_admin_log
    ADD CONSTRAINT django_admin_log_user_id_c564eba6_fk_auth_user_id FOREIGN KEY (user_id) REFERENCES public.auth_user(id) DEFERRABLE INITIALLY DEFERRED;


--
-- PostgreSQL database dump complete
--

