--
-- PostgreSQL database dump
--

-- Dumped from database version 17.4
-- Dumped by pg_dump version 17.4

SET statement_timeout = 0;
SET lock_timeout = 0;
SET idle_in_transaction_session_timeout = 0;
SET transaction_timeout = 0;
SET client_encoding = 'UTF8';
SET standard_conforming_strings = on;
SELECT pg_catalog.set_config('search_path', '', false);
SET check_function_bodies = false;
SET xmloption = content;
SET client_min_messages = warning;
SET row_security = off;

SET default_tablespace = '';

SET default_table_access_method = heap;

--
-- Name: autenticacion_perfilusuario; Type: TABLE; Schema: public; Owner: postgres
--

CREATE TABLE public.autenticacion_perfilusuario (
    id bigint NOT NULL,
    nombre character varying(200),
    apellido character varying(200),
    email character varying(500),
    username character varying(200),
    dni character varying(9),
    sexo character varying(6),
    direccion text,
    codigo_postal character varying(5),
    ciudad character varying(40),
    provincia character varying(40),
    avatar character varying(100),
    bio text,
    created timestamp with time zone NOT NULL,
    user_id integer NOT NULL
);


ALTER TABLE public.autenticacion_perfilusuario OWNER TO postgres;

--
-- Name: autenticacion_perfilusuario_id_seq; Type: SEQUENCE; Schema: public; Owner: postgres
--

ALTER TABLE public.autenticacion_perfilusuario ALTER COLUMN id ADD GENERATED BY DEFAULT AS IDENTITY (
    SEQUENCE NAME public.autenticacion_perfilusuario_id_seq
    START WITH 1
    INCREMENT BY 1
    NO MINVALUE
    NO MAXVALUE
    CACHE 1
);


--
-- Name: auth_group; Type: TABLE; Schema: public; Owner: postgres
--

CREATE TABLE public.auth_group (
    id integer NOT NULL,
    name character varying(150) NOT NULL
);


ALTER TABLE public.auth_group OWNER TO postgres;

--
-- Name: auth_group_id_seq; Type: SEQUENCE; Schema: public; Owner: postgres
--

ALTER TABLE public.auth_group ALTER COLUMN id ADD GENERATED BY DEFAULT AS IDENTITY (
    SEQUENCE NAME public.auth_group_id_seq
    START WITH 1
    INCREMENT BY 1
    NO MINVALUE
    NO MAXVALUE
    CACHE 1
);


--
-- Name: auth_group_permissions; Type: TABLE; Schema: public; Owner: postgres
--

CREATE TABLE public.auth_group_permissions (
    id bigint NOT NULL,
    group_id integer NOT NULL,
    permission_id integer NOT NULL
);


ALTER TABLE public.auth_group_permissions OWNER TO postgres;

--
-- Name: auth_group_permissions_id_seq; Type: SEQUENCE; Schema: public; Owner: postgres
--

ALTER TABLE public.auth_group_permissions ALTER COLUMN id ADD GENERATED BY DEFAULT AS IDENTITY (
    SEQUENCE NAME public.auth_group_permissions_id_seq
    START WITH 1
    INCREMENT BY 1
    NO MINVALUE
    NO MAXVALUE
    CACHE 1
);


--
-- Name: auth_permission; Type: TABLE; Schema: public; Owner: postgres
--

CREATE TABLE public.auth_permission (
    id integer NOT NULL,
    name character varying(255) NOT NULL,
    content_type_id integer NOT NULL,
    codename character varying(100) NOT NULL
);


ALTER TABLE public.auth_permission OWNER TO postgres;

--
-- Name: auth_permission_id_seq; Type: SEQUENCE; Schema: public; Owner: postgres
--

ALTER TABLE public.auth_permission ALTER COLUMN id ADD GENERATED BY DEFAULT AS IDENTITY (
    SEQUENCE NAME public.auth_permission_id_seq
    START WITH 1
    INCREMENT BY 1
    NO MINVALUE
    NO MAXVALUE
    CACHE 1
);


--
-- Name: auth_user; Type: TABLE; Schema: public; Owner: postgres
--

CREATE TABLE public.auth_user (
    id integer NOT NULL,
    password character varying(128) NOT NULL,
    last_login timestamp with time zone,
    is_superuser boolean NOT NULL,
    username character varying(150) NOT NULL,
    first_name character varying(150) NOT NULL,
    last_name character varying(150) NOT NULL,
    email character varying(254) NOT NULL,
    is_staff boolean NOT NULL,
    is_active boolean NOT NULL,
    date_joined timestamp with time zone NOT NULL
);


ALTER TABLE public.auth_user OWNER TO postgres;

--
-- Name: auth_user_groups; Type: TABLE; Schema: public; Owner: postgres
--

CREATE TABLE public.auth_user_groups (
    id bigint NOT NULL,
    user_id integer NOT NULL,
    group_id integer NOT NULL
);


ALTER TABLE public.auth_user_groups OWNER TO postgres;

--
-- Name: auth_user_groups_id_seq; Type: SEQUENCE; Schema: public; Owner: postgres
--

ALTER TABLE public.auth_user_groups ALTER COLUMN id ADD GENERATED BY DEFAULT AS IDENTITY (
    SEQUENCE NAME public.auth_user_groups_id_seq
    START WITH 1
    INCREMENT BY 1
    NO MINVALUE
    NO MAXVALUE
    CACHE 1
);


--
-- Name: auth_user_id_seq; Type: SEQUENCE; Schema: public; Owner: postgres
--

ALTER TABLE public.auth_user ALTER COLUMN id ADD GENERATED BY DEFAULT AS IDENTITY (
    SEQUENCE NAME public.auth_user_id_seq
    START WITH 1
    INCREMENT BY 1
    NO MINVALUE
    NO MAXVALUE
    CACHE 1
);


--
-- Name: auth_user_user_permissions; Type: TABLE; Schema: public; Owner: postgres
--

CREATE TABLE public.auth_user_user_permissions (
    id bigint NOT NULL,
    user_id integer NOT NULL,
    permission_id integer NOT NULL
);


ALTER TABLE public.auth_user_user_permissions OWNER TO postgres;

--
-- Name: auth_user_user_permissions_id_seq; Type: SEQUENCE; Schema: public; Owner: postgres
--

ALTER TABLE public.auth_user_user_permissions ALTER COLUMN id ADD GENERATED BY DEFAULT AS IDENTITY (
    SEQUENCE NAME public.auth_user_user_permissions_id_seq
    START WITH 1
    INCREMENT BY 1
    NO MINVALUE
    NO MAXVALUE
    CACHE 1
);


--
-- Name: catalogo_prestamousuario; Type: TABLE; Schema: public; Owner: postgres
--

CREATE TABLE public.catalogo_prestamousuario (
    id bigint NOT NULL,
    titulo_libro character varying(200) NOT NULL,
    biblioteca_origen character varying(100) NOT NULL,
    ejemplar_id character varying(100) NOT NULL,
    fecha_prestamo date NOT NULL,
    fecha_devolucion date,
    estado character varying(1) NOT NULL,
    usuario_id bigint NOT NULL,
    fecha_limite date
);


ALTER TABLE public.catalogo_prestamousuario OWNER TO postgres;

--
-- Name: catalogo_prestamousuario_id_seq; Type: SEQUENCE; Schema: public; Owner: postgres
--

ALTER TABLE public.catalogo_prestamousuario ALTER COLUMN id ADD GENERATED BY DEFAULT AS IDENTITY (
    SEQUENCE NAME public.catalogo_prestamousuario_id_seq
    START WITH 1
    INCREMENT BY 1
    NO MINVALUE
    NO MAXVALUE
    CACHE 1
);


--
-- Name: django_admin_log; Type: TABLE; Schema: public; Owner: postgres
--

CREATE TABLE public.django_admin_log (
    id integer NOT NULL,
    action_time timestamp with time zone NOT NULL,
    object_id text,
    object_repr character varying(200) NOT NULL,
    action_flag smallint NOT NULL,
    change_message text NOT NULL,
    content_type_id integer,
    user_id integer NOT NULL,
    CONSTRAINT django_admin_log_action_flag_check CHECK ((action_flag >= 0))
);


ALTER TABLE public.django_admin_log OWNER TO postgres;

--
-- Name: django_admin_log_id_seq; Type: SEQUENCE; Schema: public; Owner: postgres
--

ALTER TABLE public.django_admin_log ALTER COLUMN id ADD GENERATED BY DEFAULT AS IDENTITY (
    SEQUENCE NAME public.django_admin_log_id_seq
    START WITH 1
    INCREMENT BY 1
    NO MINVALUE
    NO MAXVALUE
    CACHE 1
);


--
-- Name: django_content_type; Type: TABLE; Schema: public; Owner: postgres
--

CREATE TABLE public.django_content_type (
    id integer NOT NULL,
    app_label character varying(100) NOT NULL,
    model character varying(100) NOT NULL
);


ALTER TABLE public.django_content_type OWNER TO postgres;

--
-- Name: django_content_type_id_seq; Type: SEQUENCE; Schema: public; Owner: postgres
--

ALTER TABLE public.django_content_type ALTER COLUMN id ADD GENERATED BY DEFAULT AS IDENTITY (
    SEQUENCE NAME public.django_content_type_id_seq
    START WITH 1
    INCREMENT BY 1
    NO MINVALUE
    NO MAXVALUE
    CACHE 1
);


--
-- Name: django_migrations; Type: TABLE; Schema: public; Owner: postgres
--

CREATE TABLE public.django_migrations (
    id bigint NOT NULL,
    app character varying(255) NOT NULL,
    name character varying(255) NOT NULL,
    applied timestamp with time zone NOT NULL
);


ALTER TABLE public.django_migrations OWNER TO postgres;

--
-- Name: django_migrations_id_seq; Type: SEQUENCE; Schema: public; Owner: postgres
--

ALTER TABLE public.django_migrations ALTER COLUMN id ADD GENERATED BY DEFAULT AS IDENTITY (
    SEQUENCE NAME public.django_migrations_id_seq
    START WITH 1
    INCREMENT BY 1
    NO MINVALUE
    NO MAXVALUE
    CACHE 1
);


--
-- Name: django_session; Type: TABLE; Schema: public; Owner: postgres
--

CREATE TABLE public.django_session (
    session_key character varying(40) NOT NULL,
    session_data text NOT NULL,
    expire_date timestamp with time zone NOT NULL
);


ALTER TABLE public.django_session OWNER TO postgres;

--
-- Name: eventos_inscripcionevento; Type: TABLE; Schema: public; Owner: postgres
--

CREATE TABLE public.eventos_inscripcionevento (
    id bigint NOT NULL,
    evento_id integer NOT NULL,
    titulo_evento character varying(200) NOT NULL,
    biblioteca_origen character varying(100) NOT NULL,
    fecha_inscripcion timestamp with time zone NOT NULL,
    usuario_id bigint NOT NULL,
    CONSTRAINT eventos_inscripcionevento_evento_id_check CHECK ((evento_id >= 0))
);


ALTER TABLE public.eventos_inscripcionevento OWNER TO postgres;

--
-- Name: eventos_inscripcionevento_id_seq; Type: SEQUENCE; Schema: public; Owner: postgres
--

ALTER TABLE public.eventos_inscripcionevento ALTER COLUMN id ADD GENERATED BY DEFAULT AS IDENTITY (
    SEQUENCE NAME public.eventos_inscripcionevento_id_seq
    START WITH 1
    INCREMENT BY 1
    NO MINVALUE
    NO MAXVALUE
    CACHE 1
);


--
-- Name: reservas_reservaespacio; Type: TABLE; Schema: public; Owner: postgres
--

CREATE TABLE public.reservas_reservaespacio (
    id bigint NOT NULL,
    espacio_id_remoto integer NOT NULL,
    titulo_espacio character varying(200) NOT NULL,
    biblioteca_origen character varying(100) NOT NULL,
    fecha date NOT NULL,
    hora_inicio time without time zone NOT NULL,
    hora_fin time without time zone NOT NULL,
    usuario_id bigint NOT NULL,
    CONSTRAINT reservas_reservaespacio_espacio_id_remoto_check CHECK ((espacio_id_remoto >= 0))
);


ALTER TABLE public.reservas_reservaespacio OWNER TO postgres;

--
-- Name: reservas_reservaespacio_id_seq; Type: SEQUENCE; Schema: public; Owner: postgres
--

ALTER TABLE public.reservas_reservaespacio ALTER COLUMN id ADD GENERATED BY DEFAULT AS IDENTITY (
    SEQUENCE NAME public.reservas_reservaespacio_id_seq
    START WITH 1
    INCREMENT BY 1
    NO MINVALUE
    NO MAXVALUE
    CACHE 1
);


--
-- Data for Name: autenticacion_perfilusuario; Type: TABLE DATA; Schema: public; Owner: postgres
--

COPY public.autenticacion_perfilusuario (id, nombre, apellido, email, username, dni, sexo, direccion, codigo_postal, ciudad, provincia, avatar, bio, created, user_id) FROM stdin;
1	Guadalupe	Martinez Blanco	gmblanco425@gmail.com	admin	56477869L	F	Calle de Alberto Aguilera 25	28015	Madrid	Madrid	FotoPerfil_LinkedIn_Guadalupe_Oy8LEbK.JPG	Hola soy admin :)	2025-05-01 20:24:59.81668-05	1
2	Maria	Perez Casado	mariaperez@gmail.com	mariaperez	66677869D	\N	Calle de Serrano 45	28016	Madrid	Madrid	mariaperez_SXG7KFN.jpg	Hola soy María y me encanta leer.	2025-05-01 20:29:31.828977-05	2
\.


--
-- Data for Name: auth_group; Type: TABLE DATA; Schema: public; Owner: postgres
--

COPY public.auth_group (id, name) FROM stdin;
\.


--
-- Data for Name: auth_group_permissions; Type: TABLE DATA; Schema: public; Owner: postgres
--

COPY public.auth_group_permissions (id, group_id, permission_id) FROM stdin;
\.


--
-- Data for Name: auth_permission; Type: TABLE DATA; Schema: public; Owner: postgres
--

COPY public.auth_permission (id, name, content_type_id, codename) FROM stdin;
1	Can add log entry	1	add_logentry
2	Can change log entry	1	change_logentry
3	Can delete log entry	1	delete_logentry
4	Can view log entry	1	view_logentry
5	Can add permission	2	add_permission
6	Can change permission	2	change_permission
7	Can delete permission	2	delete_permission
8	Can view permission	2	view_permission
9	Can add group	3	add_group
10	Can change group	3	change_group
11	Can delete group	3	delete_group
12	Can view group	3	view_group
13	Can add user	4	add_user
14	Can change user	4	change_user
15	Can delete user	4	delete_user
16	Can view user	4	view_user
17	Can add content type	5	add_contenttype
18	Can change content type	5	change_contenttype
19	Can delete content type	5	delete_contenttype
20	Can view content type	5	view_contenttype
21	Can add session	6	add_session
22	Can change session	6	change_session
23	Can delete session	6	delete_session
24	Can view session	6	view_session
25	Can add Préstamo de usuario	7	add_prestamousuario
26	Can change Préstamo de usuario	7	change_prestamousuario
27	Can delete Préstamo de usuario	7	delete_prestamousuario
28	Can view Préstamo de usuario	7	view_prestamousuario
29	Can add Perfil de usuario	8	add_perfilusuario
30	Can change Perfil de usuario	8	change_perfilusuario
31	Can delete Perfil de usuario	8	delete_perfilusuario
32	Can view Perfil de usuario	8	view_perfilusuario
33	Can add reserva espacio	9	add_reservaespacio
34	Can change reserva espacio	9	change_reservaespacio
35	Can delete reserva espacio	9	delete_reservaespacio
36	Can view reserva espacio	9	view_reservaespacio
37	Can add Inscripción a evento	10	add_inscripcionevento
38	Can change Inscripción a evento	10	change_inscripcionevento
39	Can delete Inscripción a evento	10	delete_inscripcionevento
40	Can view Inscripción a evento	10	view_inscripcionevento
\.


--
-- Data for Name: auth_user; Type: TABLE DATA; Schema: public; Owner: postgres
--

COPY public.auth_user (id, password, last_login, is_superuser, username, first_name, last_name, email, is_staff, is_active, date_joined) FROM stdin;
1	pbkdf2_sha256$870000$Mq4DMTG0dCkvXombsWdbsF$a6/XdRaN+hTg3B1assZ8Nx/v9elyD0JjikqBsf9/oSE=	2025-05-01 20:26:51.677767-05	t	admin	Guadalupe		gmblanco425@gmail.com	t	t	2025-05-01 20:24:59.182765-05
2	pbkdf2_sha256$870000$MGZwBtVSjkvtcd6kaxY5AT$JXfFbuQCrFAwI2EN33GK80qqEcEJQ/XsaJkGZ/ZMFA8=	2025-05-01 20:29:32.49794-05	f	mariaperez	Maria	Perez Casado	mariaperez@gmail.com	f	t	2025-05-01 20:29:31.134311-05
\.


--
-- Data for Name: auth_user_groups; Type: TABLE DATA; Schema: public; Owner: postgres
--

COPY public.auth_user_groups (id, user_id, group_id) FROM stdin;
\.


--
-- Data for Name: auth_user_user_permissions; Type: TABLE DATA; Schema: public; Owner: postgres
--

COPY public.auth_user_user_permissions (id, user_id, permission_id) FROM stdin;
\.


--
-- Data for Name: catalogo_prestamousuario; Type: TABLE DATA; Schema: public; Owner: postgres
--

COPY public.catalogo_prestamousuario (id, titulo_libro, biblioteca_origen, ejemplar_id, fecha_prestamo, fecha_devolucion, estado, usuario_id, fecha_limite) FROM stdin;
1	El hombre en busca del sentido	http://127.0.0.1:8001	d9bfd788-b0fc-4982-8b63-55b69719e73b	2025-05-02	\N	a	2	2025-05-17
\.


--
-- Data for Name: django_admin_log; Type: TABLE DATA; Schema: public; Owner: postgres
--

COPY public.django_admin_log (id, action_time, object_id, object_repr, action_flag, change_message, content_type_id, user_id) FROM stdin;
1	2025-05-01 20:28:05.311965-05	1	admin	2	[{"changed": {"fields": ["Nombre", "Apellido", "Direccion", "Codigo postal", "Ciudad", "Provincia", "Sexo", "Dni", "Bio"]}}]	8	1
\.


--
-- Data for Name: django_content_type; Type: TABLE DATA; Schema: public; Owner: postgres
--

COPY public.django_content_type (id, app_label, model) FROM stdin;
1	admin	logentry
2	auth	permission
3	auth	group
4	auth	user
5	contenttypes	contenttype
6	sessions	session
7	catalogo	prestamousuario
8	autenticacion	perfilusuario
9	reservas	reservaespacio
10	eventos	inscripcionevento
\.


--
-- Data for Name: django_migrations; Type: TABLE DATA; Schema: public; Owner: postgres
--

COPY public.django_migrations (id, app, name, applied) FROM stdin;
1	contenttypes	0001_initial	2025-05-01 20:21:57.097089-05
2	auth	0001_initial	2025-05-01 20:21:57.161687-05
3	admin	0001_initial	2025-05-01 20:21:57.171202-05
4	admin	0002_logentry_remove_auto_add	2025-05-01 20:21:57.185208-05
5	admin	0003_logentry_add_action_flag_choices	2025-05-01 20:21:57.199077-05
6	autenticacion	0001_initial	2025-05-01 20:21:57.215412-05
7	contenttypes	0002_remove_content_type_name	2025-05-01 20:21:57.232249-05
8	auth	0002_alter_permission_name_max_length	2025-05-01 20:21:57.240413-05
9	auth	0003_alter_user_email_max_length	2025-05-01 20:21:57.247649-05
10	auth	0004_alter_user_username_opts	2025-05-01 20:21:57.254846-05
11	auth	0005_alter_user_last_login_null	2025-05-01 20:21:57.257378-05
12	auth	0006_require_contenttypes_0002	2025-05-01 20:21:57.262979-05
13	auth	0007_alter_validators_add_error_messages	2025-05-01 20:21:57.271526-05
14	auth	0008_alter_user_username_max_length	2025-05-01 20:21:57.286142-05
15	auth	0009_alter_user_last_name_max_length	2025-05-01 20:21:57.295211-05
16	auth	0010_alter_group_name_max_length	2025-05-01 20:21:57.303769-05
17	auth	0011_update_proxy_permissions	2025-05-01 20:21:57.311884-05
18	auth	0012_alter_user_first_name_max_length	2025-05-01 20:21:57.320424-05
19	catalogo	0001_initial	2025-05-01 20:21:57.397079-05
20	catalogo	0002_alter_autor_options_alter_ejemplarlibro_options_and_more	2025-05-01 20:21:57.419658-05
21	catalogo	0003_perfilusuario_sexo	2025-05-01 20:21:57.428215-05
22	catalogo	0004_perfilusuario_ciudad_perfilusuario_codigo_postal_and_more	2025-05-01 20:21:57.448525-05
23	catalogo	0005_remove_perfilusuario_telefono	2025-05-01 20:21:57.459781-05
24	catalogo	0006_alter_perfilusuario_options_perfilusuario_apellido_and_more	2025-05-01 20:21:57.574275-05
25	catalogo	0007_alter_perfilusuario_user	2025-05-01 20:21:57.592583-05
26	catalogo	0008_alter_perfilusuario_avatar	2025-05-01 20:21:57.599574-05
27	catalogo	0009_alter_perfilusuario_avatar	2025-05-01 20:21:57.604271-05
28	catalogo	0010_alter_perfilusuario_avatar	2025-05-01 20:21:57.616448-05
29	catalogo	0011_alter_perfilusuario_avatar	2025-05-01 20:21:57.623024-05
30	catalogo	0012_alter_perfilusuario_avatar	2025-05-01 20:21:57.632498-05
31	catalogo	0013_alter_prestamo_usuario_delete_perfilusuario	2025-05-01 20:21:57.65445-05
32	catalogo	0014_remove_libro_autor_remove_ejemplarlibro_libro_and_more	2025-05-01 20:21:57.720031-05
33	catalogo	0015_prestamousuario_fecha_limite	2025-05-01 20:21:57.720031-05
34	eventos	0001_initial	2025-05-01 20:21:57.743839-05
35	reservas	0001_initial	2025-05-01 20:21:57.756385-05
36	sessions	0001_initial	2025-05-01 20:21:57.769355-05
\.


--
-- Data for Name: django_session; Type: TABLE DATA; Schema: public; Owner: postgres
--

COPY public.django_session (session_key, session_data, expire_date) FROM stdin;
9p02ambfpybitxuv167kamjnkfqpqll7	.eJxVjMsOwiAUBf-FtSH0FhBcuvcbmvsAqRqalHZl_HdD0oVuz8yct5pw38q0t7ROs6iLAnX63Qj5mWoH8sB6XzQvdVtn0l3RB236tkh6XQ_376BgK70Gz8EnBDFENp4l48iCYmP2DrMRRAgQDAwR3Ahkg_XgmAORH0Zh9fkCA704Ug:1uAfDY:iyIGAapjkeP7VJww-NDBfp7IMjWW2zptzOUwAcl7Y48	2025-05-15 20:29:32.49855-05
\.


--
-- Data for Name: eventos_inscripcionevento; Type: TABLE DATA; Schema: public; Owner: postgres
--

COPY public.eventos_inscripcionevento (id, evento_id, titulo_evento, biblioteca_origen, fecha_inscripcion, usuario_id) FROM stdin;
\.


--
-- Data for Name: reservas_reservaespacio; Type: TABLE DATA; Schema: public; Owner: postgres
--

COPY public.reservas_reservaespacio (id, espacio_id_remoto, titulo_espacio, biblioteca_origen, fecha, hora_inicio, hora_fin, usuario_id) FROM stdin;
\.


--
-- Name: autenticacion_perfilusuario_id_seq; Type: SEQUENCE SET; Schema: public; Owner: postgres
--

SELECT pg_catalog.setval('public.autenticacion_perfilusuario_id_seq', 2, true);


--
-- Name: auth_group_id_seq; Type: SEQUENCE SET; Schema: public; Owner: postgres
--

SELECT pg_catalog.setval('public.auth_group_id_seq', 1, false);


--
-- Name: auth_group_permissions_id_seq; Type: SEQUENCE SET; Schema: public; Owner: postgres
--

SELECT pg_catalog.setval('public.auth_group_permissions_id_seq', 1, false);


--
-- Name: auth_permission_id_seq; Type: SEQUENCE SET; Schema: public; Owner: postgres
--

SELECT pg_catalog.setval('public.auth_permission_id_seq', 40, true);


--
-- Name: auth_user_groups_id_seq; Type: SEQUENCE SET; Schema: public; Owner: postgres
--

SELECT pg_catalog.setval('public.auth_user_groups_id_seq', 1, false);


--
-- Name: auth_user_id_seq; Type: SEQUENCE SET; Schema: public; Owner: postgres
--

SELECT pg_catalog.setval('public.auth_user_id_seq', 2, true);


--
-- Name: auth_user_user_permissions_id_seq; Type: SEQUENCE SET; Schema: public; Owner: postgres
--

SELECT pg_catalog.setval('public.auth_user_user_permissions_id_seq', 1, false);


--
-- Name: catalogo_prestamousuario_id_seq; Type: SEQUENCE SET; Schema: public; Owner: postgres
--

SELECT pg_catalog.setval('public.catalogo_prestamousuario_id_seq', 1, true);


--
-- Name: django_admin_log_id_seq; Type: SEQUENCE SET; Schema: public; Owner: postgres
--

SELECT pg_catalog.setval('public.django_admin_log_id_seq', 1, true);


--
-- Name: django_content_type_id_seq; Type: SEQUENCE SET; Schema: public; Owner: postgres
--

SELECT pg_catalog.setval('public.django_content_type_id_seq', 10, true);


--
-- Name: django_migrations_id_seq; Type: SEQUENCE SET; Schema: public; Owner: postgres
--

SELECT pg_catalog.setval('public.django_migrations_id_seq', 36, true);


--
-- Name: eventos_inscripcionevento_id_seq; Type: SEQUENCE SET; Schema: public; Owner: postgres
--

SELECT pg_catalog.setval('public.eventos_inscripcionevento_id_seq', 1, false);


--
-- Name: reservas_reservaespacio_id_seq; Type: SEQUENCE SET; Schema: public; Owner: postgres
--

SELECT pg_catalog.setval('public.reservas_reservaespacio_id_seq', 1, false);


--
-- Name: autenticacion_perfilusuario autenticacion_perfilusuario_dni_key; Type: CONSTRAINT; Schema: public; Owner: postgres
--

ALTER TABLE ONLY public.autenticacion_perfilusuario
    ADD CONSTRAINT autenticacion_perfilusuario_dni_key UNIQUE (dni);


--
-- Name: autenticacion_perfilusuario autenticacion_perfilusuario_pkey; Type: CONSTRAINT; Schema: public; Owner: postgres
--

ALTER TABLE ONLY public.autenticacion_perfilusuario
    ADD CONSTRAINT autenticacion_perfilusuario_pkey PRIMARY KEY (id);


--
-- Name: autenticacion_perfilusuario autenticacion_perfilusuario_user_id_key; Type: CONSTRAINT; Schema: public; Owner: postgres
--

ALTER TABLE ONLY public.autenticacion_perfilusuario
    ADD CONSTRAINT autenticacion_perfilusuario_user_id_key UNIQUE (user_id);


--
-- Name: auth_group auth_group_name_key; Type: CONSTRAINT; Schema: public; Owner: postgres
--

ALTER TABLE ONLY public.auth_group
    ADD CONSTRAINT auth_group_name_key UNIQUE (name);


--
-- Name: auth_group_permissions auth_group_permissions_group_id_permission_id_0cd325b0_uniq; Type: CONSTRAINT; Schema: public; Owner: postgres
--

ALTER TABLE ONLY public.auth_group_permissions
    ADD CONSTRAINT auth_group_permissions_group_id_permission_id_0cd325b0_uniq UNIQUE (group_id, permission_id);


--
-- Name: auth_group_permissions auth_group_permissions_pkey; Type: CONSTRAINT; Schema: public; Owner: postgres
--

ALTER TABLE ONLY public.auth_group_permissions
    ADD CONSTRAINT auth_group_permissions_pkey PRIMARY KEY (id);


--
-- Name: auth_group auth_group_pkey; Type: CONSTRAINT; Schema: public; Owner: postgres
--

ALTER TABLE ONLY public.auth_group
    ADD CONSTRAINT auth_group_pkey PRIMARY KEY (id);


--
-- Name: auth_permission auth_permission_content_type_id_codename_01ab375a_uniq; Type: CONSTRAINT; Schema: public; Owner: postgres
--

ALTER TABLE ONLY public.auth_permission
    ADD CONSTRAINT auth_permission_content_type_id_codename_01ab375a_uniq UNIQUE (content_type_id, codename);


--
-- Name: auth_permission auth_permission_pkey; Type: CONSTRAINT; Schema: public; Owner: postgres
--

ALTER TABLE ONLY public.auth_permission
    ADD CONSTRAINT auth_permission_pkey PRIMARY KEY (id);


--
-- Name: auth_user_groups auth_user_groups_pkey; Type: CONSTRAINT; Schema: public; Owner: postgres
--

ALTER TABLE ONLY public.auth_user_groups
    ADD CONSTRAINT auth_user_groups_pkey PRIMARY KEY (id);


--
-- Name: auth_user_groups auth_user_groups_user_id_group_id_94350c0c_uniq; Type: CONSTRAINT; Schema: public; Owner: postgres
--

ALTER TABLE ONLY public.auth_user_groups
    ADD CONSTRAINT auth_user_groups_user_id_group_id_94350c0c_uniq UNIQUE (user_id, group_id);


--
-- Name: auth_user auth_user_pkey; Type: CONSTRAINT; Schema: public; Owner: postgres
--

ALTER TABLE ONLY public.auth_user
    ADD CONSTRAINT auth_user_pkey PRIMARY KEY (id);


--
-- Name: auth_user_user_permissions auth_user_user_permissions_pkey; Type: CONSTRAINT; Schema: public; Owner: postgres
--

ALTER TABLE ONLY public.auth_user_user_permissions
    ADD CONSTRAINT auth_user_user_permissions_pkey PRIMARY KEY (id);


--
-- Name: auth_user_user_permissions auth_user_user_permissions_user_id_permission_id_14a6b632_uniq; Type: CONSTRAINT; Schema: public; Owner: postgres
--

ALTER TABLE ONLY public.auth_user_user_permissions
    ADD CONSTRAINT auth_user_user_permissions_user_id_permission_id_14a6b632_uniq UNIQUE (user_id, permission_id);


--
-- Name: auth_user auth_user_username_key; Type: CONSTRAINT; Schema: public; Owner: postgres
--

ALTER TABLE ONLY public.auth_user
    ADD CONSTRAINT auth_user_username_key UNIQUE (username);


--
-- Name: catalogo_prestamousuario catalogo_prestamousuario_pkey; Type: CONSTRAINT; Schema: public; Owner: postgres
--

ALTER TABLE ONLY public.catalogo_prestamousuario
    ADD CONSTRAINT catalogo_prestamousuario_pkey PRIMARY KEY (id);


--
-- Name: django_admin_log django_admin_log_pkey; Type: CONSTRAINT; Schema: public; Owner: postgres
--

ALTER TABLE ONLY public.django_admin_log
    ADD CONSTRAINT django_admin_log_pkey PRIMARY KEY (id);


--
-- Name: django_content_type django_content_type_app_label_model_76bd3d3b_uniq; Type: CONSTRAINT; Schema: public; Owner: postgres
--

ALTER TABLE ONLY public.django_content_type
    ADD CONSTRAINT django_content_type_app_label_model_76bd3d3b_uniq UNIQUE (app_label, model);


--
-- Name: django_content_type django_content_type_pkey; Type: CONSTRAINT; Schema: public; Owner: postgres
--

ALTER TABLE ONLY public.django_content_type
    ADD CONSTRAINT django_content_type_pkey PRIMARY KEY (id);


--
-- Name: django_migrations django_migrations_pkey; Type: CONSTRAINT; Schema: public; Owner: postgres
--

ALTER TABLE ONLY public.django_migrations
    ADD CONSTRAINT django_migrations_pkey PRIMARY KEY (id);


--
-- Name: django_session django_session_pkey; Type: CONSTRAINT; Schema: public; Owner: postgres
--

ALTER TABLE ONLY public.django_session
    ADD CONSTRAINT django_session_pkey PRIMARY KEY (session_key);


--
-- Name: eventos_inscripcionevento eventos_inscripcionevent_usuario_id_evento_id_bib_b7967958_uniq; Type: CONSTRAINT; Schema: public; Owner: postgres
--

ALTER TABLE ONLY public.eventos_inscripcionevento
    ADD CONSTRAINT eventos_inscripcionevent_usuario_id_evento_id_bib_b7967958_uniq UNIQUE (usuario_id, evento_id, biblioteca_origen);


--
-- Name: eventos_inscripcionevento eventos_inscripcionevento_pkey; Type: CONSTRAINT; Schema: public; Owner: postgres
--

ALTER TABLE ONLY public.eventos_inscripcionevento
    ADD CONSTRAINT eventos_inscripcionevento_pkey PRIMARY KEY (id);


--
-- Name: reservas_reservaespacio reservas_reservaespacio_espacio_id_remoto_biblio_fb42eef1_uniq; Type: CONSTRAINT; Schema: public; Owner: postgres
--

ALTER TABLE ONLY public.reservas_reservaespacio
    ADD CONSTRAINT reservas_reservaespacio_espacio_id_remoto_biblio_fb42eef1_uniq UNIQUE (espacio_id_remoto, biblioteca_origen, fecha, hora_inicio, hora_fin);


--
-- Name: reservas_reservaespacio reservas_reservaespacio_pkey; Type: CONSTRAINT; Schema: public; Owner: postgres
--

ALTER TABLE ONLY public.reservas_reservaespacio
    ADD CONSTRAINT reservas_reservaespacio_pkey PRIMARY KEY (id);


--
-- Name: autenticacion_perfilusuario_dni_f2fe2ab4_like; Type: INDEX; Schema: public; Owner: postgres
--

CREATE INDEX autenticacion_perfilusuario_dni_f2fe2ab4_like ON public.autenticacion_perfilusuario USING btree (dni varchar_pattern_ops);


--
-- Name: auth_group_name_a6ea08ec_like; Type: INDEX; Schema: public; Owner: postgres
--

CREATE INDEX auth_group_name_a6ea08ec_like ON public.auth_group USING btree (name varchar_pattern_ops);


--
-- Name: auth_group_permissions_group_id_b120cbf9; Type: INDEX; Schema: public; Owner: postgres
--

CREATE INDEX auth_group_permissions_group_id_b120cbf9 ON public.auth_group_permissions USING btree (group_id);


--
-- Name: auth_group_permissions_permission_id_84c5c92e; Type: INDEX; Schema: public; Owner: postgres
--

CREATE INDEX auth_group_permissions_permission_id_84c5c92e ON public.auth_group_permissions USING btree (permission_id);


--
-- Name: auth_permission_content_type_id_2f476e4b; Type: INDEX; Schema: public; Owner: postgres
--

CREATE INDEX auth_permission_content_type_id_2f476e4b ON public.auth_permission USING btree (content_type_id);


--
-- Name: auth_user_groups_group_id_97559544; Type: INDEX; Schema: public; Owner: postgres
--

CREATE INDEX auth_user_groups_group_id_97559544 ON public.auth_user_groups USING btree (group_id);


--
-- Name: auth_user_groups_user_id_6a12ed8b; Type: INDEX; Schema: public; Owner: postgres
--

CREATE INDEX auth_user_groups_user_id_6a12ed8b ON public.auth_user_groups USING btree (user_id);


--
-- Name: auth_user_user_permissions_permission_id_1fbb5f2c; Type: INDEX; Schema: public; Owner: postgres
--

CREATE INDEX auth_user_user_permissions_permission_id_1fbb5f2c ON public.auth_user_user_permissions USING btree (permission_id);


--
-- Name: auth_user_user_permissions_user_id_a95ead1b; Type: INDEX; Schema: public; Owner: postgres
--

CREATE INDEX auth_user_user_permissions_user_id_a95ead1b ON public.auth_user_user_permissions USING btree (user_id);


--
-- Name: auth_user_username_6821ab7c_like; Type: INDEX; Schema: public; Owner: postgres
--

CREATE INDEX auth_user_username_6821ab7c_like ON public.auth_user USING btree (username varchar_pattern_ops);


--
-- Name: catalogo_prestamousuario_usuario_id_7e94469a; Type: INDEX; Schema: public; Owner: postgres
--

CREATE INDEX catalogo_prestamousuario_usuario_id_7e94469a ON public.catalogo_prestamousuario USING btree (usuario_id);


--
-- Name: django_admin_log_content_type_id_c4bce8eb; Type: INDEX; Schema: public; Owner: postgres
--

CREATE INDEX django_admin_log_content_type_id_c4bce8eb ON public.django_admin_log USING btree (content_type_id);


--
-- Name: django_admin_log_user_id_c564eba6; Type: INDEX; Schema: public; Owner: postgres
--

CREATE INDEX django_admin_log_user_id_c564eba6 ON public.django_admin_log USING btree (user_id);


--
-- Name: django_session_expire_date_a5c62663; Type: INDEX; Schema: public; Owner: postgres
--

CREATE INDEX django_session_expire_date_a5c62663 ON public.django_session USING btree (expire_date);


--
-- Name: django_session_session_key_c0390e0f_like; Type: INDEX; Schema: public; Owner: postgres
--

CREATE INDEX django_session_session_key_c0390e0f_like ON public.django_session USING btree (session_key varchar_pattern_ops);


--
-- Name: eventos_inscripcionevento_usuario_id_8be090f4; Type: INDEX; Schema: public; Owner: postgres
--

CREATE INDEX eventos_inscripcionevento_usuario_id_8be090f4 ON public.eventos_inscripcionevento USING btree (usuario_id);


--
-- Name: reservas_reservaespacio_usuario_id_8cbf2198; Type: INDEX; Schema: public; Owner: postgres
--

CREATE INDEX reservas_reservaespacio_usuario_id_8cbf2198 ON public.reservas_reservaespacio USING btree (usuario_id);


--
-- Name: autenticacion_perfilusuario autenticacion_perfilusuario_user_id_29a1d061_fk_auth_user_id; Type: FK CONSTRAINT; Schema: public; Owner: postgres
--

ALTER TABLE ONLY public.autenticacion_perfilusuario
    ADD CONSTRAINT autenticacion_perfilusuario_user_id_29a1d061_fk_auth_user_id FOREIGN KEY (user_id) REFERENCES public.auth_user(id) DEFERRABLE INITIALLY DEFERRED;


--
-- Name: auth_group_permissions auth_group_permissio_permission_id_84c5c92e_fk_auth_perm; Type: FK CONSTRAINT; Schema: public; Owner: postgres
--

ALTER TABLE ONLY public.auth_group_permissions
    ADD CONSTRAINT auth_group_permissio_permission_id_84c5c92e_fk_auth_perm FOREIGN KEY (permission_id) REFERENCES public.auth_permission(id) DEFERRABLE INITIALLY DEFERRED;


--
-- Name: auth_group_permissions auth_group_permissions_group_id_b120cbf9_fk_auth_group_id; Type: FK CONSTRAINT; Schema: public; Owner: postgres
--

ALTER TABLE ONLY public.auth_group_permissions
    ADD CONSTRAINT auth_group_permissions_group_id_b120cbf9_fk_auth_group_id FOREIGN KEY (group_id) REFERENCES public.auth_group(id) DEFERRABLE INITIALLY DEFERRED;


--
-- Name: auth_permission auth_permission_content_type_id_2f476e4b_fk_django_co; Type: FK CONSTRAINT; Schema: public; Owner: postgres
--

ALTER TABLE ONLY public.auth_permission
    ADD CONSTRAINT auth_permission_content_type_id_2f476e4b_fk_django_co FOREIGN KEY (content_type_id) REFERENCES public.django_content_type(id) DEFERRABLE INITIALLY DEFERRED;


--
-- Name: auth_user_groups auth_user_groups_group_id_97559544_fk_auth_group_id; Type: FK CONSTRAINT; Schema: public; Owner: postgres
--

ALTER TABLE ONLY public.auth_user_groups
    ADD CONSTRAINT auth_user_groups_group_id_97559544_fk_auth_group_id FOREIGN KEY (group_id) REFERENCES public.auth_group(id) DEFERRABLE INITIALLY DEFERRED;


--
-- Name: auth_user_groups auth_user_groups_user_id_6a12ed8b_fk_auth_user_id; Type: FK CONSTRAINT; Schema: public; Owner: postgres
--

ALTER TABLE ONLY public.auth_user_groups
    ADD CONSTRAINT auth_user_groups_user_id_6a12ed8b_fk_auth_user_id FOREIGN KEY (user_id) REFERENCES public.auth_user(id) DEFERRABLE INITIALLY DEFERRED;


--
-- Name: auth_user_user_permissions auth_user_user_permi_permission_id_1fbb5f2c_fk_auth_perm; Type: FK CONSTRAINT; Schema: public; Owner: postgres
--

ALTER TABLE ONLY public.auth_user_user_permissions
    ADD CONSTRAINT auth_user_user_permi_permission_id_1fbb5f2c_fk_auth_perm FOREIGN KEY (permission_id) REFERENCES public.auth_permission(id) DEFERRABLE INITIALLY DEFERRED;


--
-- Name: auth_user_user_permissions auth_user_user_permissions_user_id_a95ead1b_fk_auth_user_id; Type: FK CONSTRAINT; Schema: public; Owner: postgres
--

ALTER TABLE ONLY public.auth_user_user_permissions
    ADD CONSTRAINT auth_user_user_permissions_user_id_a95ead1b_fk_auth_user_id FOREIGN KEY (user_id) REFERENCES public.auth_user(id) DEFERRABLE INITIALLY DEFERRED;


--
-- Name: catalogo_prestamousuario catalogo_prestamousu_usuario_id_7e94469a_fk_autentica; Type: FK CONSTRAINT; Schema: public; Owner: postgres
--

ALTER TABLE ONLY public.catalogo_prestamousuario
    ADD CONSTRAINT catalogo_prestamousu_usuario_id_7e94469a_fk_autentica FOREIGN KEY (usuario_id) REFERENCES public.autenticacion_perfilusuario(id) DEFERRABLE INITIALLY DEFERRED;


--
-- Name: django_admin_log django_admin_log_content_type_id_c4bce8eb_fk_django_co; Type: FK CONSTRAINT; Schema: public; Owner: postgres
--

ALTER TABLE ONLY public.django_admin_log
    ADD CONSTRAINT django_admin_log_content_type_id_c4bce8eb_fk_django_co FOREIGN KEY (content_type_id) REFERENCES public.django_content_type(id) DEFERRABLE INITIALLY DEFERRED;


--
-- Name: django_admin_log django_admin_log_user_id_c564eba6_fk_auth_user_id; Type: FK CONSTRAINT; Schema: public; Owner: postgres
--

ALTER TABLE ONLY public.django_admin_log
    ADD CONSTRAINT django_admin_log_user_id_c564eba6_fk_auth_user_id FOREIGN KEY (user_id) REFERENCES public.auth_user(id) DEFERRABLE INITIALLY DEFERRED;


--
-- Name: eventos_inscripcionevento eventos_inscripcione_usuario_id_8be090f4_fk_autentica; Type: FK CONSTRAINT; Schema: public; Owner: postgres
--

ALTER TABLE ONLY public.eventos_inscripcionevento
    ADD CONSTRAINT eventos_inscripcione_usuario_id_8be090f4_fk_autentica FOREIGN KEY (usuario_id) REFERENCES public.autenticacion_perfilusuario(id) DEFERRABLE INITIALLY DEFERRED;


--
-- Name: reservas_reservaespacio reservas_reservaespa_usuario_id_8cbf2198_fk_autentica; Type: FK CONSTRAINT; Schema: public; Owner: postgres
--

ALTER TABLE ONLY public.reservas_reservaespacio
    ADD CONSTRAINT reservas_reservaespa_usuario_id_8cbf2198_fk_autentica FOREIGN KEY (usuario_id) REFERENCES public.autenticacion_perfilusuario(id) DEFERRABLE INITIALLY DEFERRED;


--
-- PostgreSQL database dump complete
--

